alias_city,alias_address,data_report
ALDINO/ALDEIN,Cimitero / Friedhofbrunnen,07/03/2018
ALDINO/ALDEIN,Ditta Martin Speck - Neuradein / Firma Martin Speck - Neuradein,04/11/2018
ALDINO/ALDEIN,Fontana pubblica Kirchplatz / Öffentlicher Brunnen Kirchplatz,16/10/2018
ALDINO/ALDEIN,Hotel Schwarzhorn rubinetto cucina / Hotel Schwarzhorn Wasserhahn Küche,17/01/2018
ALDINO/ALDEIN,Municipio / Rathaus,28/03/2018
ALDINO/ALDEIN,Scuola elementare Holen / Grundschule Holen,19/02/2018
ALDINO/ALDEIN,"Scuola elementare Oberradein / Grundschule, Oberradein",13/03/2018
ANDRIANO/ANDRIAN,Fontana Pubblica piazza paese / Öffentlicher Brunnen Dorfplatz,23/05/2018
ANDRIANO/ANDRIAN,Municipio / Rathaus,20/03/2018
ANTERIVO/ALTREI,Comune / Rathaus,29/11/2018
ANTERIVO/ALTREI,Fontana pubblica centro paese / Öffentlicher Brunnen Dorfplatz,22/05/2018
APPIANO SULLA STRADA DEL VINO/EPPAN AN DER WEINSTRASSE,Asilo di lingua italiana / Italienischer Kindergarten,31/05/2018
APPIANO SULLA STRADA DEL VINO/EPPAN AN DER WEINSTRASSE,"Bar Tennis, Monticolo paese / Bar Tennis, Montiggl Dorf",13/11/2018
APPIANO SULLA STRADA DEL VINO/EPPAN AN DER WEINSTRASSE,Castel Masaccio / Schlössl Matschatsch,18/06/2018
APPIANO SULLA STRADA DEL VINO/EPPAN AN DER WEINSTRASSE,Fontana pubblica P.zza San Michele / Öffentlicher Brunnen St.-Michael-Platz,30/05/2018
APPIANO SULLA STRADA DEL VINO/EPPAN AN DER WEINSTRASSE,Fontana pubblica Riva di sotto / öffentliche Brunnen Unterrain,22/05/2018
APPIANO SULLA STRADA DEL VINO/EPPAN AN DER WEINSTRASSE,Fontana pubblica Via della Fiera / Öffentlicher Brunnen Marktstrasse,17/04/2018
APPIANO SULLA STRADA DEL VINO/EPPAN AN DER WEINSTRASSE,Fontana pubblica davanti Unterhausenhof / Öffentl. Brunnen vor Unterhausenhof,16/04/2018
APPIANO SULLA STRADA DEL VINO/EPPAN AN DER WEINSTRASSE,Fontana pubblica via S. Paolo n° 20 / Öffentlicher Brunnen St.-Pauls-Straße Nr. 20,16/08/2018
APPIANO SULLA STRADA DEL VINO/EPPAN AN DER WEINSTRASSE,"Fontana pubblica vicino Brennerhof, Frangarto / Öffentlicher Brunnen neben Brennerhof, Frangart",31/05/2018
APPIANO SULLA STRADA DEL VINO/EPPAN AN DER WEINSTRASSE,Fontana pubblica vicino Despar / Öffentlicher Brunnen neben Despar,16/08/2018
APPIANO SULLA STRADA DEL VINO/EPPAN AN DER WEINSTRASSE,Fontana pubblica vicino chiesa  /  Öffentl. Brunnen neben Kirche,23/10/2018
APPIANO SULLA STRADA DEL VINO/EPPAN AN DER WEINSTRASSE,Fontana pubblica vicino parcheggio/Öffentl. Brunnen neben Parkplatz,30/05/2018
APPIANO SULLA STRADA DEL VINO/EPPAN AN DER WEINSTRASSE,Ristorante Turmbach / Restaurant Turmbach,20/06/2018
APPIANO SULLA STRADA DEL VINO/EPPAN AN DER WEINSTRASSE,Öff. Brunnen Platzl  Weg,30/08/2018
APPIANO SULLA STRADA DEL VINO/EPPAN AN DER WEINSTRASSE,Öffentl. Brunnen neben FF Montiggl / Öffentl. Brunnen neben FF Montiggl,22/05/2018
AVELENGO/HAFLING,GH Sonnenheim / GH Sonnenheim,18/12/2018
AVELENGO/HAFLING,Gasthof Brunnerhof / Gasthof Brunnerhof,18/12/2018
AVELENGO/HAFLING,WC comune / WC Gemeinde,18/12/2018
BADIA/ABTEI,Associazione turistica / Tourismusverein,12/05/2018
BADIA/ABTEI,Bar Cavallino / Bar Cavallino,04/04/2018
BADIA/ABTEI,Brunnen Aurora,06/11/2018
BADIA/ABTEI,Brunnen Scolina  /  Brunnen Scolina,09/11/2018
BADIA/ABTEI,Brunnen museum ladin,28/05/2018
BADIA/ABTEI,Caserma VF / FF Halle,17/09/2018
BADIA/ABTEI,Fontana Municipio / Brunnen Rathaus,09/11/2018
BADIA/ABTEI,Friedhof,06/11/2018
BADIA/ABTEI,Hotel Cristallo / Hotel Cristallo,04/04/2018
BADIA/ABTEI,Hotel Diamant / Hotel Diamant,12/12/2018
BADIA/ABTEI,Municipio / Rathaus,04/04/2018
BADIA/ABTEI,Privato/Privat,28/05/2018
BARBIANO/BARBIAN,"Albergo Kalter Keller, Via Brennero 10 / Gasthof Kalter Keller, Brennerstr. 10",05/03/2018
BARBIANO/BARBIAN,"Colma, Albergo Stern, Via Kunter 1 / Kollmann, Gasthof Stern, Am Kuntersweg 1; WH Bar",05/03/2018
BARBIANO/BARBIAN,Fa. Hofer Fliesen und Böden GmbH - Handwerkerzone 4  /  Fa. Hofer Fliesen und Böden GmbH - Handwerkerzone 4  - WH WC,05/03/2018
BARBIANO/BARBIAN,"Falegnameria Erlacher, via Brennero 4 / Tischlerei Erlacher, Brennerstr. 4",05/03/2018
BARBIANO/BARBIAN,"Falegnameria Erlacher, via Brennero 4 / Tischlerei Erlacher, Brennerstr. 4 - WH WC Tischlerei",09/05/2018
BARBIANO/BARBIAN,"Falegnameria Erlacher, via Brennero 4 / Tischlerei Erlacher, Brennerstr. 4; WH WC",19/03/2018
BARBIANO/BARBIAN,"Falegnameria Erlacher, via Brennero 4 / Tischlerei Erlacher, Brennerstr. 4; WH WC Werkstatt",16/10/2018
BARBIANO/BARBIAN,"Scuola dell'infanzia Colma, S. Leonardo 26 / Kindergarten Kollmann, St. Leonhard 26 - WH WC",19/03/2018
BARBIANO/BARBIAN,"Scuola dell'infanzia Colma, S. Leonardo 26 / Kindergarten Kollmann, St. Leonhard 26; WH WC",09/05/2018
BOLZANO/BOZEN,Albergo  Klaus  / Gasthaus Klaus,13/09/2018
BOLZANO/BOZEN,Asilo nido Arcobaleno / Kindergarten Arcobaleno,29/01/2018
BOLZANO/BOZEN,Cimitero / Friedhof,15/10/2018
BOLZANO/BOZEN,Convitto Damiano Chiesa  /  Convitto Damiano Chiesa,26/02/2018
BOLZANO/BOZEN,Distretto socio - sanitario val d'Ega - Cardano / Gesundheitssprengel  Eggental Schlern - Kardaun,27/02/2018
BOLZANO/BOZEN,Distretto socio-sanitario Oltrisarco / Gesundheitssprengel Oberau,27/02/2018
BOLZANO/BOZEN,Font. pubb. parco giochi via Ortles (Casanova) / öff. Brunnen Spielplatz Ortlesstr. (Casanova),17/10/2018
BOLZANO/BOZEN,Fontana Pubblica angolo via Cassa di Risparmio/via Vanga / öff. Brunnen Sparkassestr./Wangerstrasse,11/12/2018
BOLZANO/BOZEN,Fontana funivia / Brunnen Seilbahn,19/04/2018
BOLZANO/BOZEN,Fontana pubblica Parco Petrarca / öff. Brunnen Petrarcapark,28/05/2018
BOLZANO/BOZEN,Fontana pubblica chiesa don Bosco / Don Bosco Pfarrkirche Öff. Brunnen,11/12/2018
BOLZANO/BOZEN,"Fontana pubblica incrocio via Milano/via Gutenberg / Öffentl. Brunnen Park, Gutenberg/Mailandstr.",28/05/2018
BOLZANO/BOZEN,Fontana pubblica parco Mignone  /  Fontana pubblica parco Mignone,10/08/2018
BOLZANO/BOZEN,Fontana pubblica parco ducale / Öff. Brunnen Herzogspark,17/10/2018
BOLZANO/BOZEN,Fontana pubblica parco giochi Piani / öff. Brunnen Spielplatz Bozner-Boden,17/10/2018
BOLZANO/BOZEN,Fontana pubblica parco giochi lungo Isarco via Parma / öff. Brunnen Spielplatz Eisackufer Parmastr.,07/04/2018
BOLZANO/BOZEN,"Fontana pubblica parco giochi via Genova / Öffentl. Brunnen Spielplatz, Genuastr.",15/10/2018
BOLZANO/BOZEN,Fontana pubblica parco giochi via Mozart  (Firmian) / öff. Brunnen Spielplatz Mozartstr.(Firmian),20/08/2018
BOLZANO/BOZEN,"Fontana pubblica parco giochi via della Vigna / Weingartenpark, öff. Brunnen",23/08/2018
BOLZANO/BOZEN,Fontana pubblica piazza Mazzini / Mazzinipark - öff. Brunnen,11/12/2018
BOLZANO/BOZEN,Fontana pubblica via Claudia Augusta / off. Brunnen Claudia Augustastrasse,20/08/2018
BOLZANO/BOZEN,Ospedale - mensa WC / Krankenhaus - Mensa WC,27/11/2018
BOLZANO/BOZEN,Premstallerhof / Premstallerhof,06/04/2018
BOLZANO/BOZEN,Privato/Privat,24/01/2018
BOLZANO/BOZEN,Scuola Materna O.N.M.I. / Kindergarten O.N.M.I.,29/01/2018
BOLZANO/BOZEN,Scuola Tambosi  /  Schule Tambosi,12/05/2018
BOLZANO/BOZEN,"Scuola elementare ""A. Rosmini"" / Grundschule ""A. Rosmini""",29/01/2018
BOLZANO/BOZEN,"Scuola elementare ""M. L. King"" / Grundschule ""M.L.King""",27/02/2018
BOLZANO/BOZEN,"Scuola elementare ""Stolz""/Grundschule ""Stolz""",12/10/2018
BOLZANO/BOZEN,Scuola elementare Dante Alighieri / Grundschule Dante Alighieri,31/01/2018
BOLZANO/BOZEN,Scuola elementare Firmian / Grundschule Firmian,26/02/2018
BOLZANO/BOZEN,Scuola materna Mariaheim / Kindergarten Mariaheim,02/07/2018
BOLZANO/BOZEN,Scuola media Leonardo da Vinci / Mittelschule Leonardo da Vinci,26/02/2018
BOLZANO/BOZEN,"Scuola professionale tedesca ""Max Valier"" via Druso / Gewerbeoberschule ""Max Valier"", Drusustrasse",31/01/2018
BOLZANO/BOZEN,"Scuole Medie Archimede / Mittelschule ""Archimede""",31/01/2018
BOLZANO/BOZEN,Servizio riabilitazione / Rehabilitationsdienst,02/07/2018
BOLZANO/BOZEN,Stabilimento Milkon / Lebensmittelindustrie Milkon,28/02/2018
BOLZANO/BOZEN,fontana pubblica Rencio  / öffentl. Brunnen Rentscher,19/04/2018
BRAIES/PRAGS,Alpe Pragas / Alpe Pragas,29/01/2018
BRAIES/PRAGS,Fontana Ferrara / Brunnen Schmieden,25/09/2018
BRAIES/PRAGS,Privato/Privat,25/09/2018
BRENNERO/BRENNER,Albergo Bergkristall / Hotel Bergkristall,10/03/2018
BRENNERO/BRENNER,"Fontana pubblica Via Argentieri, Colle Isarco / Öffentlicher Brunnen Silbergasse, Gossensass",23/04/2018
BRENNERO/BRENNER,Fontana pubblica cimitero / Öff. Brunnen Friedhof,10/02/2018
BRENNERO/BRENNER,Outlet Center Brennero / Outlet Center Brenner,13/11/2018
BRENNERO/BRENNER,Privato/Privat,10/02/2018
BRESSANONE/BRIXEN,"ASM Bressanone Spa, Via Alfred Ammon 24 / Stadtwerke Brixen AG, Alfred-Ammon-Str. 24",14/03/2018
BRESSANONE/BRIXEN,"ASM Bressanone Spa, Via Alfred Ammon 24 / Stadtwerke Brixen AG, Alfred-Ammon-Str. 24; WH WC",07/04/2018
BRESSANONE/BRIXEN,"Albergo Plansoler, S. Leonardo 96 / Gasthof Plansoler, St. Leonhard 96; WH Bar",06/11/2018
BRESSANONE/BRIXEN,"Bergrestaurant Plose, Valcroce/Bergrestaurant Plose, Kreuztal",18/06/2018
BRESSANONE/BRIXEN,Fontana pubbl. Sarns / Öffentl. Brunnen Sarns,16/10/2018
BRESSANONE/BRIXEN,Fontana pubblica Cornale di Sopra / Öff. Brunnen Oberkarnol,06/11/2018
BRESSANONE/BRIXEN,"Fontana pubblica Schmiedplatz, Varna / Öffentlicher Brunnen Schmiedplatz, Vahrn",09/06/2018
BRESSANONE/BRIXEN,Fontana pubblica Via Prà Millan / Öffentlicher Brunnen Millanderau,09/05/2018
BRESSANONE/BRIXEN,Fontana pubblica Völkl / Öffentlicher Brunnen Völkl,31/05/2018
BRESSANONE/BRIXEN,Gabinetto pubblico scuola / Öff. WC Schulgebäude,09/05/2018
BRESSANONE/BRIXEN,Gabinetto pubblico scuola / Öff. WC Schulgebäude; WH WC,21/11/2018
BRESSANONE/BRIXEN,"Gasthof Majestic, Lüsnerstr. 29 / Albergo Majestic, Via Luson 29",27/06/2018
BRESSANONE/BRIXEN,"Haka SpA, Competence.Center, Perara 79/A/Haka AG, Competence.Center, Pairdorf 79/A; WH Theke",18/04/2018
BRESSANONE/BRIXEN,"Hotel Gasserhof, Via Paese 31 - S. Andrea / Hotel Gasserhof, Dorfstrasse 31 - St. Andrä; WH Bar",28/05/2018
BRESSANONE/BRIXEN,"Hotel Rosalpina, Palmschoss 292  /  Hotel Rosalpina, Palmschoss 292;; WH Bar",10/08/2018
BRESSANONE/BRIXEN,"Hotel Schlemmer, Plancios 294 / Berghotel Schlemmer, Palmschoss 294 ; WH Bar",10/08/2018
BRESSANONE/BRIXEN,"Laboratorio riabilitativo ""Kastell"", Via Otto von Guggenberg 44 / Reha- Werkstatt ""Kastell"", Otto von Guggenbergstr. 44 - WH WC",27/06/2018
BRESSANONE/BRIXEN,"Laboratorio riabilitativo ""Kastell"", Via Otto von Guggenberg 44 / Reha- Werkstatt ""Kastell"", Otto von Guggenbergstr. 44; WH WC",26/11/2018
BRESSANONE/BRIXEN,"Macello Valle Isarco, Via Julius Durst, 90 / Schlachthof Brixen, Durststr. 90",05/08/2018
BRESSANONE/BRIXEN,"Macello Valle Isarco, Via Julius Durst, 90 / Schlachthof Brixen, Durststr. 90; WH WC",26/11/2018
BRESSANONE/BRIXEN,"Ospedale di Bressanone, Via Dante 53, radiologia / Krankenhaus Brixen, Dantestr. 53, Radiologie",14/03/2018
BRESSANONE/BRIXEN,"Ospedale di Bressanone, Via Dante 53, radiologia / Krankenhaus Brixen, Dantestr. 53, Radiologie; WH WC",26/11/2018
BRESSANONE/BRIXEN,Privato/Privat,31/05/2018
BRESSANONE/BRIXEN,"Ristorante Plose-Stodl, via della Funivia, 15/Restaurant Plose-Stodl, Seilbahnstr. 15; WH Bar",23/08/2018
BRESSANONE/BRIXEN,"Scuola dell''infanzia S. Andrea, Via Vinzenz Goller 5/A / Kindergarten St.Andrä, Vinzenz Goller Weg 5/A",21/11/2018
BRESSANONE/BRIXEN,"Scuola dell''infanzia S. Andrea, Via Vinzenz Goller 5/A / Kindergarten St.Andrä, Vinzenz Goller Weg 5/A - WH Küche",10/10/2018
BRESSANONE/BRIXEN,"Scuola dell''infanzia S. Andrea, Via Vinzenz Goller 5/A / Kindergarten St.Andrä, Vinzenz Goller Weg 5/A; WH Küche",28/05/2018
BRESSANONE/BRIXEN,"Scuola dell'infanzia Anna Seidner, Via Kaspar von Kempter 5 / Kindergarten Anna Seidner, Kaspar von Kempterweg 5",14/03/2018
BRESSANONE/BRIXEN,"Scuola dell'infanzia Anna Seidner, Via Kaspar von Kempter 5 / Kindergarten Anna Seidner, Kaspar von Kempterweg 5; WH Küche",26/11/2018
BRESSANONE/BRIXEN,"Scuola dell'infanzia Arcobaleno, Via Wolkenstein 201 / Kindergarten Arcobaleno, Wolkensteinstr. 201 - WH Wäscherei",13/03/2018
BRESSANONE/BRIXEN,"Scuola dell'infanzia Arcobaleno, Via Wolkenstein 201 / Kindergarten Arcobaleno, Wolkensteinstr. 201; WH Wäscherei",26/11/2018
BRESSANONE/BRIXEN,"Scuola elementare Albes, Albes 1 / Grundschule Albeins, Albeins 1; WH WC",26/04/2018
BRESSANONE/BRIXEN,"Scuola elementare Varna, Via Salern 5 / Grundschule Vahrn, Salernstr. 5 - WH WC",14/03/2018
BRESSANONE/BRIXEN,"Scuola elementare Varna, Via Salern 5 / Grundschule Vahrn, Salernstr. 5; WH WC",26/11/2018
BRESSANONE/BRIXEN,"Südtiroler Kinderdorf, Via Castelliere 28 / Südtiroler Kinderdorf, Burgfrieden 28; WH Kochnische",26/11/2018
BRESSANONE/BRIXEN,"The Vista Hotel, Plancios 291B / The Vista Hotel, Palmschoss 291B",18/06/2018
BRESSANONE/BRIXEN,"Uffici comunali, Piazza Maria Hueber 3 / Gemeindehaus Maria Hueber Platz 3; WH WC",07/04/2018
BRONZOLO/BRANZOLL,Fontana pubblica piazza Von Ferrari / öff. Brunnen Von Ferrariplatz,28/05/2018
BRONZOLO/BRANZOLL,fontana pubblica Via Dogana / Öffentlicher Brunnen Zollamtstrasse,24/09/2018
BRUNICO/BRUNECK,Bar Agip / Bar Agip,26/03/2018
BRUNICO/BRUNECK,Distretto / Sprengel,20/11/2018
BRUNICO/BRUNECK,Fontana / Brunnen,22/05/2018
BRUNICO/BRUNECK,Fontana Schlemmerstube / Brunnen Schlemmerstube,25/09/2018
BRUNICO/BRUNECK,Fontana Waldheim / Brunnen Waldheim,16/05/2018
BRUNICO/BRUNECK,Fontana chiesa / Brunnen Kirche,30/05/2018
BRUNICO/BRUNECK,Fontana parrocchia / Brunnen Pfarre,19/07/2018
BRUNICO/BRUNECK,Herzlalm / Herzlalm,12/10/2018
BRUNICO/BRUNECK,Kron  / Kron,12/10/2018
BRUNICO/BRUNECK,Latte montagna Alto Adige / Bergmilch Südtirol,19/07/2018
BRUNICO/BRUNECK,Luns / Luns,16/07/2018
BRUNICO/BRUNECK,Prosl / Prosl,26/03/2018
BRUNICO/BRUNECK,Scuola media Röd / Mittelschule Röd,20/11/2018
BRUNICO/BRUNECK,Sowi Gym,25/09/2018
CAINES/KUENS,f.p. caserma dei VVFF / öffentl. Brunnen bei der Feuerwehrhalle,10/10/2018
CALDARO SULLA STRADA DEL VINO/KALTERN AN DER WEINSTRASSE,Fontana pubblica Pianizza di Sopra 61 / Öff. Brunnen Oberplanitzing 61,05/09/2018
CALDARO SULLA STRADA DEL VINO/KALTERN AN DER WEINSTRASSE,font. pubb.  Brunnenweg St. Nikolaus / Öffentlicher Brunnen - Brunnenweg St. Nikolaus,21/06/2018
CALDARO SULLA STRADA DEL VINO/KALTERN AN DER WEINSTRASSE,font. pubb. Brunnenweg Nr. 21 / Öffentlicher Brunnen - Brunnenweg Nr. 21,05/09/2018
CALDARO SULLA STRADA DEL VINO/KALTERN AN DER WEINSTRASSE,font. pubb. Kreuzung Trutsch / Öffent. Brunnen Kreuzung Trutsch,20/03/2018
CALDARO SULLA STRADA DEL VINO/KALTERN AN DER WEINSTRASSE,font. pubb. Mitterdorf - Mayor v. Morandellplatz / Öffentlicher Brunnen Mitterdorf - Mayor v. Morandellplatz,21/06/2018
CALDARO SULLA STRADA DEL VINO/KALTERN AN DER WEINSTRASSE,font. pubb. Oberplanitzing Hauptstraße / Öffentlicher Brunnen Oberplanitzing Hauptstraße,28/02/2018
CALDARO SULLA STRADA DEL VINO/KALTERN AN DER WEINSTRASSE,"font. pubb. Pianizza di sopra, Strada Principale n. 17 / Öff. Brunnen Oberplanitzing, Hauptstrasse Nr. 17",08/02/2018
CALDARO SULLA STRADA DEL VINO/KALTERN AN DER WEINSTRASSE,font. pubb. cimitero / Friedhofsbrunnen,22/10/2018
CALDARO SULLA STRADA DEL VINO/KALTERN AN DER WEINSTRASSE,font.pubb. Rottenburgplatz / Öffentlicher Brunnen Rottenburgplatz,21/06/2018
CALDARO SULLA STRADA DEL VINO/KALTERN AN DER WEINSTRASSE,Öffentlicher Brunnen Altenburg / Öffentlicher Brunnen Altenburg,22/10/2018
CAMPO DI TRENS/FREIENFELD,Fontana pubblica Stilves / Öffen. Brunnen Stilfes,29/03/2018
CAMPO DI TRENS/FREIENFELD,Fontana pubblica Trens / Öffentlicher Brunnen Trens,29/03/2018
CAMPO DI TRENS/FREIENFELD,Privato/Privat,13/11/2018
CAMPO DI TRENS/FREIENFELD,Scuola elementare Mules / Grundschule Mauls -  WH WC Mädchen,05/03/2018
CAMPO DI TRENS/FREIENFELD,Scuola elementare Mules / Grundschule Mauls - Gansör WH WC Mädchen,10/01/2018
CAMPO DI TRENS/FREIENFELD,"Scuola elementare Mules / Grundschule Mauls, WH WC Damen Mauls Gansör",19/03/2018
CAMPO TURES/SAND IN TAUFERS,Cascade/Cascade,26/03/2018
CAMPO TURES/SAND IN TAUFERS,Fontana Daimer / Daimerbrunnen,19/09/2018
CAMPO TURES/SAND IN TAUFERS,Fontana Taufra Bahnl / Taufra Bahnl Brunnen,19/09/2018
CAMPO TURES/SAND IN TAUFERS,Fontana Unimet / Brunnen Unimet,08/07/2018
CAMPO TURES/SAND IN TAUFERS,Fontana chiesa / Brunnen Kirche,18/04/2018
CAMPO TURES/SAND IN TAUFERS,Fontana municipio / Brunnen Rathaus,31/05/2018
CAMPO TURES/SAND IN TAUFERS,Privato/Privat,21/11/2018
CASTELBELLO-CIARDES/KASTELBELL-TSCHARS,"Albergo ""Sonnenhof"" - Juvale / Gasth. Sonnenhof - Juval",26/03/2018
CASTELBELLO-CIARDES/KASTELBELL-TSCHARS,Fontana pubblica Galsaun/ Öffentlicher Brunnen Galsaun,08/08/2018
CASTELBELLO-CIARDES/KASTELBELL-TSCHARS,Privato/Privat,27/03/2018
CASTELBELLO-CIARDES/KASTELBELL-TSCHARS,"f.p. ""Widumplatz"" Ciardes / Öffentlicher Brunnen Widumplatz, Tschars",19/06/2018
CASTELBELLO-CIARDES/KASTELBELL-TSCHARS,f.p. Lacinigo / Öffentlicher Brunnen Latschinig,02/06/2018
CASTELBELLO-CIARDES/KASTELBELL-TSCHARS,f.p. centro / Öffentlicher Brunnen Zentrum,19/12/2018
CASTELBELLO-CIARDES/KASTELBELL-TSCHARS,"ristoro di campagna ""Niedermair"" - Montetrumes+I71 / Buschenschank Niedermair - Trumsberg",07/02/2018
CASTELROTTO/KASTELRUTH,Asilo / Kindergarten,26/02/2018
CASTELROTTO/KASTELRUTH,Asilo Sureghes / Kindergarten Sureghes,16/01/2018
CASTELROTTO/KASTELRUTH,"Bagno Pubblico - Centro / Öff. Toiletten, Zentrum",27/02/2018
CASTELROTTO/KASTELRUTH,Bar Lavies - Pufels 5,26/02/2018
CASTELROTTO/KASTELRUTH,Brunnen bei Grundschule,23/05/2018
CASTELROTTO/KASTELRUTH,Fontana pubblica O.-v.-Wolkenstein - Siusi / Öffentlicher Brunnen O.-v.-Wolkenstein-Platz - Seis,28/06/2018
CASTELROTTO/KASTELRUTH,Fontana pubblica presso scuola elementare / Öffentlicher Brunnen bei Grundschule,17/07/2018
CASTELROTTO/KASTELRUTH,Nordiccenter / Nordiccenter,28/06/2018
CASTELROTTO/KASTELRUTH,Privato/Privat,21/11/2018
CERMES/TSCHERMS,"Cafe` Eggbauer, Basling / Cafe` Eggbauer, Basling",30/05/2018
CERMES/TSCHERMS,Fontana pubblica Centro  / Öffentlicher Brunnen Zentrum,28/02/2018
CHIENES/KIENS,Ehrenburgerhof Lido / Ehrenburgerhof Lido,14/03/2018
CHIENES/KIENS,Fontana / Brunnen,10/02/2018
CHIENES/KIENS,Fontana chiesa / Brunnen Kirche,14/03/2018
CHIENES/KIENS,Fontana paese / Brunnen Oberdorf,10/02/2018
CHIENES/KIENS,Kindergarten / Kindergarten,10/02/2018
CHIENES/KIENS,Privato/Privat,23/10/2018
CHIUSA/KLAUSEN,Fontana pubblica / Öffentlicher Brunnen,16/08/2018
CHIUSA/KLAUSEN,Fontana pubblica Gudon  /  Dorfbrunnen Gufidaun,20/03/2018
CHIUSA/KLAUSEN,Fontana pubblica Piazza Tinne / Öffentlicher Brunnen Tinneplatz,16/08/2018
CHIUSA/KLAUSEN,Fontana pubblica Piazza paese / Öffentlicher Brunnen Dorfplatz,16/08/2018
CHIUSA/KLAUSEN,Privato/Privat,18/06/2018
CHIUSA/KLAUSEN,"Scuola dell'Infanzia Chiusa, Langrain 39 / Kindergarten Klausen, Langrain 39; WH Küche",10/10/2018
CORNEDO ALL'ISARCO/KARNEID,Brunnen Friedhof Gummer  /  Brunnen Friedhof Gummer,10/03/2018
CORNEDO ALL'ISARCO/KARNEID,Casa di riposo Clara / Altersheim Clara,27/02/2018
CORNEDO ALL'ISARCO/KARNEID,Fontana cimitero / Brunnen Friedhof,09/10/2018
CORNEDO ALL'ISARCO/KARNEID,Fontana cimitero Collepietra / Brunnen Friedhof Steinegg,09/10/2018
CORNEDO ALL'ISARCO/KARNEID,Gummer - Scuole elementari M. Pichler / Gummer - Grundschule M. Pichler,27/02/2018
CORNEDO ALL'ISARCO/KARNEID,"Scuola elementare Cornedo "" Martin Wenter"" / Grundschule Karneid ""Martin Wenter""",26/11/2018
CORNEDO ALL'ISARCO/KARNEID,Scuole medie Prato Isarco / Mittelschule in Blumau,27/02/2018
CORTACCIA SULLA STRADA DEL VINO/KURTATSCH AN DER WEINSTRASSE,Ditta Finstral zona industriale / Fa. Finstral Industriezone,16/05/2018
CORTACCIA SULLA STRADA DEL VINO/KURTATSCH AN DER WEINSTRASSE,F. p. Weg K. von Fenner / Öff. Brunnen Weg K. von Fenner,04/11/2018
CORTACCIA SULLA STRADA DEL VINO/KURTATSCH AN DER WEINSTRASSE,Fontana pubblica Platzl / Öffentlicher Brunnen Platzl,16/05/2018
CORTACCIA SULLA STRADA DEL VINO/KURTATSCH AN DER WEINSTRASSE,Fontana pubblica piazza H.M.Schweiggl / Ö.B. Hauptmann Schweigglplatz,14/03/2018
CORTACCIA SULLA STRADA DEL VINO/KURTATSCH AN DER WEINSTRASSE,Fontana pubblica vicino albergo Goldener Adler / Öffentlicher Brunnen neben Gasthaus Adler,26/02/2018
CORTACCIA SULLA STRADA DEL VINO/KURTATSCH AN DER WEINSTRASSE,Ufficio Cantina Tiefenbrunner / Büro Kellerei Tiefenbrunner,04/11/2018
CORTACCIA SULLA STRADA DEL VINO/KURTATSCH AN DER WEINSTRASSE,Öffentlicher Brunnen Kirchplatz Penon / Öffentlicher Brunnen Kirchplatz Penon,26/02/2018
CORTINA SULLA STRADA DEL VINO/KURTINIG AN DER WEINSTRASSE,Privato/Privat,20/07/2018
CORTINA SULLA STRADA DEL VINO/KURTINIG AN DER WEINSTRASSE,fontana pubblica piazza S. Martino / öff. Brunnen St. Martin Platz,05/07/2018
CORVARA IN BADIA/CORVARA,Azienda turistica / Tourismusverein,17/09/2018
CORVARA IN BADIA/CORVARA,Brunnen Friedhof,17/09/2018
CORVARA IN BADIA/CORVARA,Costabiei / Costabiei,12/05/2018
CORVARA IN BADIA/CORVARA,Garni Pcei / Garni Pcei,12/12/2018
CURON VENOSTA/GRAUN IM VINSCHGAU,Comune - WC / Gemeinde - WC,12/12/2018
CURON VENOSTA/GRAUN IM VINSCHGAU,Pizzeria Irene/Pizzeria Irene,12/12/2018
CURON VENOSTA/GRAUN IM VINSCHGAU,Privato/Privat,14/11/2018
CURON VENOSTA/GRAUN IM VINSCHGAU,Res. Plagätt - Einlauf,20/09/2018
CURON VENOSTA/GRAUN IM VINSCHGAU,WC - scuola media  /  WC - Mittelschule,23/01/2018
CURON VENOSTA/GRAUN IM VINSCHGAU,f. p. S. Valentino - cimitero / Ö. B. St. Valentin - Friedhof,20/09/2018
CURON VENOSTA/GRAUN IM VINSCHGAU,f.p. Kaschon / ö.B. Kaschon,14/11/2018
CURON VENOSTA/GRAUN IM VINSCHGAU,f.p. Monteplai / Öffentlicher Brunnen Dörfl,14/05/2018
CURON VENOSTA/GRAUN IM VINSCHGAU,f.p. Pedrossi Vallelunga di fuori / Öffentlicher Brunnen Pedross Außerlangtaufers,14/05/2018
CURON VENOSTA/GRAUN IM VINSCHGAU,f.p. San Valentino alla Muta / Öffentlicher Brunnen - St. Valentin a.d.H.,25/06/2018
CURON VENOSTA/GRAUN IM VINSCHGAU,f.p. parcheggio  / Ö.B. Parkplatz,25/06/2018
CURON VENOSTA/GRAUN IM VINSCHGAU,f.p. parcheggio torre / ö.B. beim Parkplatz Turm,25/06/2018
CURON VENOSTA/GRAUN IM VINSCHGAU,f.p. vallelunga di dentro / Öffentlicher Brunnen Innerlangtaufers,20/09/2018
CURON VENOSTA/GRAUN IM VINSCHGAU,Öff. Brunnen unter der Strasse  /  Öff. Brunnen unter der Strasse,14/11/2018
DOBBIACO/TOBLACH,Fontana chiesa / Brunnen Kirche,24/09/2018
DOBBIACO/TOBLACH,Fontana municipio / Brunnen Rathaus,20/11/2018
DOBBIACO/TOBLACH,Latteria / Sennerei,04/03/2018
DOBBIACO/TOBLACH,Panificio Trenker / Bäckerei Trenker,14/02/2018
DOBBIACO/TOBLACH,Privato/Privat,28/11/2018
EGNA/NEUMARKT,Fontana pubblica  Via Villa / Öffentlicher Brunnen Vill,28/08/2018
EGNA/NEUMARKT,"Fontana pubblica 2015, Via Portici 2  /  Öff. Brunnen 2015, Laubengasse 2",15/05/2018
EGNA/NEUMARKT,Fontana pubblica Piazza Giovanni Prati / Öffentliche Brunnen Giovanni Prati Platz,19/11/2018
EGNA/NEUMARKT,Fontana pubblica Piazza della Libertà / Öffentliche Brunnen Freiheitsplatz,15/05/2018
EGNA/NEUMARKT,Fontana pubblica Piazza principale / Öffentlicher  Brunnen Hauptplatz,28/08/2018
EGNA/NEUMARKT,Fontana pubblica Piazza principale / Öffentlicher Brunnen Hauptplatz,19/11/2018
EGNA/NEUMARKT,Fontana pubblica via A. Hofer / Öffentliche Brunnen A. Hofer Straße,28/08/2018
EGNA/NEUMARKT,Privato/Privat,28/08/2018
FALZES/PFALZEN,Fontana Osnerplatz / Brunnen Osnerplatz,08/09/2018
FALZES/PFALZEN,Fontana Reichegger / Brunnen Reichegger,08/06/2018
FALZES/PFALZEN,Fontana chiesa / Brunnen Kirche,08/06/2018
FALZES/PFALZEN,Fontana farmacia / Brunnen Apotheke,27/03/2018
FALZES/PFALZEN,Privato/Privat,08/09/2018
FIÈ ALLO SCILIAR/VÖLS AM SCHLERN,Autobahnraststätte Atzwang-Schlern West/Autobahnraststätte Atzwang-Schlern West,25/01/2018
FIÈ ALLO SCILIAR/VÖLS AM SCHLERN,Fontana Hotel Perwanger/Brunnen Hotel Perwanger,28/08/2018
FIÈ ALLO SCILIAR/VÖLS AM SCHLERN,Fontana pubblica / Öffentlicher Brunnen,13/08/2018
FIÈ ALLO SCILIAR/VÖLS AM SCHLERN,Fontana pubblica Binderplatz / Öffentlicher Brunnen Binderplatz,27/02/2018
FIÈ ALLO SCILIAR/VÖLS AM SCHLERN,Fontana pubblica vicino chiesa / Öffentlicher Brunnen Kirche,30/07/2018
FIÈ ALLO SCILIAR/VÖLS AM SCHLERN,GH Kircher / GH Kircher - Ums,26/02/2018
FORTEZZA/FRANZENSFESTE,"Albergo Brückenwirt, Mezzaselva / Gasthof Brückenwirt, Mittewald - WH Bar - ohne Abflaemmen",08/07/2018
FORTEZZA/FRANZENSFESTE,"Albergo Riol, Fortezza / Gasthof Riol, Franzenfeste",10/02/2018
FORTEZZA/FRANZENSFESTE,"Albergo Riol, Fortezza / Gasthof Riol, Franzenfeste - Riolbar, WH Bar - Entnahme ohne abflammen",19/03/2018
FORTEZZA/FRANZENSFESTE,"Albergo Riol, Fortezza / Gasthof Riol, Franzenfeste - WH Bar - ohne Abfalmmen",08/07/2018
FORTEZZA/FRANZENSFESTE,"Fontana pubblica, Le Cave / Öffentlicher Brunnen, Grasstein",07/03/2018
FUNES/VILLNÖSS,"Albergo Edelweiss, S. Maddalena 77 / Gasthof Edelweiss, St. Magdalena 77 - WH Bar",27/03/2018
FUNES/VILLNÖSS,"Albergo Edelweiss, S. Maddalena 77 / Gasthof Edelweiss, St. Magdalena 77; WH Bar",07/09/2018
FUNES/VILLNÖSS,"Fa. Hewoline, Schmelze 4/Fa. Hewoline, Schmelze 4, WH Garage",24/09/2018
FUNES/VILLNÖSS,Font. pubbl. sede del circolo Tiso/Öff. Brunnen Vereinshaus Teis,27/11/2018
FUNES/VILLNÖSS,Fontana S. Pietro / Dorfbrunnen St. Peter,24/09/2018
FUNES/VILLNÖSS,Privato/Privat,24/09/2018
FUNES/VILLNÖSS,"Scuola elementare S. Pietro, S. Pietro 140 / Grundschule St. Peter, St. Peter 140; WH WC",27/11/2018
FUNES/VILLNÖSS,"Scuola elementare S. Pietro, S. Pietro 140 / Grundschule St. Peter, St. Peter 140; WH WC Vereinslokale",07/09/2018
FUNES/VILLNÖSS,"Scuola materna S. Maddalena/Kindergarten St. Magdalen, St. Magdalena 114; WH Küche",24/09/2018
FUNES/VILLNÖSS,"Scuola materna S. Maddalena/Kindergarten St. Magdalena, WH Küche",27/11/2018
FUNES/VILLNÖSS,Scuola materna S. Maddalena/Kindergarten St. Magdalena; WH Küche,05/07/2018
GAIS/GAIS,Albergo Huber / Gasthaus Huber,24/10/2018
GAIS/GAIS,Fontana Brunner / Brunner Brunnen,17/04/2018
GAIS/GAIS,Fontana chiesa / Brunnen Kirche,24/09/2018
GAIS/GAIS,Fontana municipio / Brunnen Rathaus,24/09/2018
GAIS/GAIS,Miraval / Miraval,24/10/2018
GARGAZZONE/GARGAZON,WC - municipio / WC - Gemeinde,28/02/2018
GARGAZZONE/GARGAZON,f.p. centro / Öffentlicher Brunnen Zentrum,19/06/2018
GLORENZA/GLURNS,f.p. centro / Öffentlicher Brunnen Zentrum,08/06/2018
GLORENZA/GLURNS,f.p. vicino la chiesa e ristorante Stambecco / Öffentlicher Brunnen neben Kirche u. Gh. Steinbock,26/11/2018
LA VALLE/WENGEN,Municipio / Rathaus,23/10/2018
LACES/LATSCH,Coldrano: f.p. incrocio via Castello - via Tschanderle / Goldrain: Öffentlicher Brunnen Kreuzung Schlossstr. - Tschanderleweg,03/12/2018
LACES/LATSCH,Privato/Privat,21/11/2018
LACES/LATSCH,f.p. Coldrano - piazzetta / Öffentlicher Brunnen Goldrain - Platzl,26/06/2018
LACES/LATSCH,"f.p. Tarres / Öffentlicher Brunnen, Tarsch",27/02/2018
LACES/LATSCH,f.p. Tiss / Öffentlicher Brunnen Tiss,09/11/2018
LACES/LATSCH,f.p. pista ciclabile / Öff. Brunnen bei Radweg,05/03/2018
LACES/LATSCH,"f.p. via Schuler / Öffentlicher Brunnen, Schulerstrasse",27/08/2018
LACES/LATSCH,fontana pubblica zona industriale Pedross / Öffentlicher Brunnen Industriezone Pedross,28/05/2018
LACES/LATSCH,ristorante stazione a monte a San Martino / Restaurant Bergstation in St. Martin,07/02/2018
LACES/LATSCH,Ö.B. neben Kirche,27/02/2018
LAGUNDO /ALGUND,"Albergo ""Maratscher, Plars di Mezzo / Gasthaus Maratscher, Mitterplars",12/06/2018
LAGUNDO /ALGUND,"GH Gruber, Vellau",07/09/2018
LAGUNDO /ALGUND,"Gasthaus Ladurner, Vellau / Gasthaus Ladurner, Vellau",12/06/2018
LAGUNDO /ALGUND,Privato/Privat,22/05/2018
LAGUNDO /ALGUND,Servizi pubblici seggiovia stazione di monte  /  Öffentl. Toiletten Bergstation Seilbahn,22/05/2018
LAGUNDO /ALGUND,WC - municipio / Gemeinde -  WC,18/12/2018
LAGUNDO /ALGUND,f.p. via B. Leiter / ö.B. B. Leiter Str.,28/03/2018
LAGUNDO /ALGUND,"f.p., Plars di Sopra / Öffentlicher Brunnen, Oberplars",27/09/2018
LAGUNDO /ALGUND,fontana pubblica presso la chiesa / Öffentlicher Brunnen bei Kirche,27/09/2018
LAGUNDO/ALGUND,f.p. via B. Leiter / ö.B. B. Leiter Str.,07/09/2018
LAGUNDO/ALGUND,"f.p., Plars di Sopra / Öffentlicher Brunnen, Oberplars",07/09/2018
LAION/LAJEN,"Ditta ELA Srl, Zona Artigianale Pontives 10 / Fa. ELA GmbH, Gewerbezone Pontives 10",17/04/2018
LAION/LAJEN,Fontana pubblica Albions / Öff. Brunnen Albions,19/03/2018
LAION/LAJEN,Fontana pubblica Ceves / Öffentlicher Brunnen Tschöfas,09/10/2018
LAION/LAJEN,Fontana pubblica Tanürz  /  Öffentlicher Brunnen Tanürz,14/11/2018
LAION/LAJEN,Fontana pubblica scuola elementare Lajener Ried/Öff. Brunnen Grundschule Lajener Ried,09/10/2018
LAION/LAJEN,Hotel Überbacher / Hotel Überbacher,17/05/2018
LAION/LAJEN,Privato/Privat,17/05/2018
LAIVES/LEIFERS,Bagni 1° compagnia,12/11/2018
LAIVES/LEIFERS,Caserma CC. Guella - rubinetto cucina carabinieri / Kaserne CC. Guella - Wasserhahn der Küche der Carabinieri,21/02/2018
LAIVES/LEIFERS,Fontana Pubblica S.Giacomo / öff. Brunnen St.Jakob,24/09/2018
LAIVES/LEIFERS,Fontana pubblica Pineta di Laives  /  Fontana pubblica Pineta di Laives,14/06/2018
LAIVES/LEIFERS,Fontana pubblica parco Marconi / öff. Brunnen Marconipark,17/10/2018
LAIVES/LEIFERS,Laboratorio Biologico / Biologisches Landeslabor,21/02/2018
LAIVES/LEIFERS,Magazzino comunale zona industriale/ Magazin der Gemeinde Industriezone,14/06/2018
LAIVES/LEIFERS,Scuola Elementare Fraz. Pineta / Grundschule Steinmannwald,19/02/2018
LAIVES/LEIFERS,Scuola elementare San Giacomo / Grundschule St. Jakob,29/11/2018
LAIVES/LEIFERS,WC piscina coperta comunale / WC Gemeindehallenbad,28/02/2018
LAIVES/LEIFERS,f.p. giardino zona 46/Öff. Brunnen Garten Zone 46,24/09/2018
LAIVES/LEIFERS,"f.p. parco giochi via Sottomonte / öff. Brunnen, Spielplatz, Unterbergstr.",23/08/2018
LANA/LANA,"Albergo ""Pawiglerwirt"" - Pavicolo / Gasthaus Pawiglerwirt - Pawigl",03/07/2018
LANA/LANA,Bar Nordkap / Bar Nordkap,26/07/2018
LANA/LANA,Privato/Privat,03/07/2018
LANA/LANA,f.p. p.zza della chiesa / Öffentlicher Brunnen Kirchplatz,28/02/2018
LANA/LANA,"f.p. presso la chiesa ""Kapuziner"" / Öffentlicher Brunnen bei Kapuziner Kirche",27/09/2018
LANA/LANA,"f.p. presso la chiesa, Foiana / Öffentlicher Brunnen neben Kirche, Völlan",25/10/2018
LANA/LANA,mensa zona industriale / Mensa Industriezone,03/01/2018
LASA/LAAS,Fontana pubblica Tarnell/Öffentlicher Brunnen Tarnell,15/05/2018
LASA/LAAS,Oris: WC scuola elementare/Eyrs: WC Grundschule,12/11/2018
LASA/LAAS,f.p. - Cengles / Öffentlicher Brunnen - Tschengls,08/08/2018
LASA/LAAS,f.p. - parcheggio / Öffentlicher Brunnen am Parkplatz,30/07/2018
LASA/LAAS,f.p. Alliz / Öffentlicher Brunnen - Allitz,19/11/2018
LASA/LAAS,f.p. Oris / Öffentlicher Brunnen - Eyrs,23/04/2018
LASA/LAAS,f.p. Tanas / Öffentlicher Brunnen - Tanas,19/11/2018
LASA/LAAS,"f.p. ciclabile ""Zapferbad"" / ö.B. Radweg Zapferbad",27/08/2018
LASA/LAAS,f.p. strada principale / Öffentlicher Brunnen Hauptstrasse,27/08/2018
LAUREGNO/LAUREIN,Privato/Privat,08/08/2018
LAUREGNO/LAUREIN,fontana pubblica cimitero / Öffentlicher Brunnen Friedhof,08/08/2018
LUSON/LÜSEN,Albergo Lüsnerhof / Hotel Lüsnerhof,17/10/2018
LUSON/LÜSEN,Albergo Lüsnerhof / Hotel Lüsnerhof WH WC,30/08/2018
LUSON/LÜSEN,Albergo Lüsnerhof / Hotel Lüsnerhof; WH WC,04/12/2018
LUSON/LÜSEN,Privato/Privat,18/04/2018
LUSON/LÜSEN,fontana pubblica piazza paese / Öffentlicher Brunnen Dorfplatz,30/08/2018
MAGRÈ SULLA STRADA DEL VINO/MARGREID AN DER WEINSTRASSE,Fontana pubblica Caserma dei Pompieri / Öffentlicher Brunnen neben Feuerwehrhalle,16/05/2018
MAGRÈ SULLA STRADA DEL VINO/MARGREID AN DER WEINSTRASSE,"Fontana pubblica Comune / Öffentlicher Brunnen, Rathaus",16/07/2018
MAGRÈ SULLA STRADA DEL VINO/MARGREID AN DER WEINSTRASSE,Fontana pubblica cimitero / Öffentlicher Brunnen - Friedhof,16/05/2018
MAGRÈ SULLA STRADA DEL VINO/MARGREID AN DER WEINSTRASSE,Fontana pubblica vicino casa padronale Löwengang / Öffentl. Brunnen neben Ansitz Löwengang,19/11/2018
MAGRÈ SULLA STRADA DEL VINO/MARGREID AN DER WEINSTRASSE,Tischlerei Amegg / Tischlerei Amegg,26/02/2018
MALLES VENOSTA /MALS,Fontana pubblica presso Stazione  /  Öff. Brunnen bei Bahnhof,15/03/2018
MALLES VENOSTA /MALS,Fürstenburg - Käse Produktionsraum,03/06/2018
MALLES VENOSTA /MALS,Hotel Glieshof,22/10/2018
MALLES VENOSTA /MALS,Knottbergquellen nach AB / Knottbergquellen nach AB,24/10/2018
MALLES VENOSTA /MALS,Knottbergquellen vor AB /  Knottbergquellen vor AB,24/10/2018
MALLES VENOSTA /MALS,Privato/Privat,22/10/2018
MALLES VENOSTA /MALS,Sammelschacht Quellen Mischwasser,26/09/2018
MALLES VENOSTA /MALS,Sennerei Burgeis Arbeitsraum,03/06/2018
MALLES VENOSTA /MALS,albergo Moriggl - dispensa del latte / Gasthaus Moriggl - Milchkammer,20/11/2018
MALLES VENOSTA /MALS,"f.p. ""Kreuzweg"" / Öffentl. Brunnen Kreuzweg",28/08/2018
MALLES VENOSTA /MALS,"f.p. Burgusio / Öffentlicher Brunnen, Burgeis",20/11/2018
MALLES VENOSTA /MALS,"f.p. Clusio / Öffentlicher Brunnen, Schleis",17/10/2018
MALLES VENOSTA /MALS,"f.p. Laudes / Öffentlicher Brunnen, Laatsch",28/08/2018
MALLES VENOSTA /MALS,"f.p. Mazia / Öffentlicher Brunnen, Matsch",31/07/2018
MALLES VENOSTA /MALS,"f.p. Piavenna / Öffentlicher Brunnen, Plawenn",09/11/2018
MALLES VENOSTA /MALS,"f.p. Planol / Öffentlicher Brunnen, Planeil",22/03/2018
MALLES VENOSTA /MALS,"f.p. Slingia / Öffentlicher Brunnen, Schlinig",14/03/2018
MALLES VENOSTA /MALS,"f.p. Tarces / Öffentlicher Brunnen, Tartsch",31/07/2018
MALLES VENOSTA /MALS,fontana pubblica / Öffentlicher Brunnen,23/01/2018
MALLES VENOSTA /MALS,"ristoro di campagna ""Patzleid"" / Buschenschank: Platzleid",22/10/2018
MALLES VENOSTA /MALS,Öffentlicher Brunnen vor Kirche vierzehn Nothelfer / Öffentlicher Brunnen vor Kirche vierzehn Nothelfer,05/02/2018
MAREBBE/ENNEBERG,Albergo Posta / Gasthaus Post,19/04/2018
MAREBBE/ENNEBERG,Centro visite / Naturparkhaus,09/11/2018
MAREBBE/ENNEBERG,Fontana Posta / Brunnen Post,19/04/2018
MAREBBE/ENNEBERG,Fontana chiesa / Brunnen Kirche,10/01/2018
MAREBBE/ENNEBERG,Privato/Privat,10/01/2018
MARLENGO/MARLING,Garni Prantnerhof  /  Garni Prantnerhof,30/05/2018
MARLENGO/MARLING,Privato/Privat,23/05/2018
MARLENGO/MARLING,f.p. di fronte al parcheggio / Öffentlicher Brunnen gegenüber Parkplatz,28/02/2018
MARTELLO/MARTELL,Privato/Privat,25/09/2018
MARTELLO/MARTELL,Serbatoio Thairmühl -  entrata delle sorgenti Platzer Mahd e sorgente Grub / Reservoir Thairmühl - Einlauf der Platzer Mahd Quellen und Grubquelle,09/05/2018
MARTELLO/MARTELL,Stallwies: Trattoria Hölderle / Stallwies: GH Hölderle,06/05/2018
MARTELLO/MARTELL,WC - vicino comune /WC - neben Gemeinde,21/11/2018
MARTELLO/MARTELL,WC-Gemeindebauhof,21/11/2018
MARTELLO/MARTELL,"centro ""Biathlon"" - WC malga di ""Grogg"" / Biathlonzentrum -  WC Groggalm",20/03/2018
MARTELLO/MARTELL,f.p. Ganda / ö.B. Gand,25/09/2018
MARTELLO/MARTELL,f.p. vicino Obkirchhof / öffentlicher Brunnen beim Obkirchhof,06/05/2018
MELTINA/MÖLTEN,Font. pubb. vicino chiesa / Öffentlicher Brunnen neben Kirche,30/05/2018
MELTINA/MÖLTEN,Fontana pubblica piazza S. Teßmann / Öff. Brunnen Siegfried Teßmann Platz,26/09/2018
MELTINA/MÖLTEN,Municipio / Rathaus,17/04/2018
MELTINA/MÖLTEN,Scuola media Meltina - WC / Grundschule Mölten - WC parterre,20/03/2018
MELTINA/MÖLTEN,fontana pubblica Schlaneid  /  Öff. Brunnen Schlaneid,07/03/2018
MERANO/MERAN,Asilo Girotondo - Maia Bassa / Asilo Girotondo - Untermais,31/01/2018
MERANO/MERAN,Bar Cinzia / Bar Cinzia,24/01/2018
MERANO/MERAN,Bar Vittoria - Sinigo / Bar Vittoria - Sinich,24/01/2018
MERANO/MERAN,Buschenschank Rauthof  /  Buschenschank Rauthof,11/07/2018
MERANO/MERAN,Fontana pubblica via Steinach / Öffentlicher Brunnen Steinachweg,20/12/2018
MERANO/MERAN,"Ufficio Igiene, via Goethe n. 7 / Hygieneamt, Goethestr. 7",24/01/2018
MERANO/MERAN,"Via Planta, condotta delle sorgenti / Plantastrasse Leitung von Quellen",22/02/2018
MERANO/MERAN,"f.p. ""Brunnegger Brunnen"" via Planta / Öff. Brunnen, Brunegger Brunnen, Plantastrasse",17/10/2018
MERANO/MERAN,f.p. Portici / Öffentlicher Brunnen - Laubengasse,07/12/2018
MERANO/MERAN,"f.p. Sinigo / Öffentlicher Brunnen, Sinich",28/03/2018
MERANO/MERAN,f.p. p.zza fontana / ö.B. Brunnenplatz,16/08/2018
MERANO/MERAN,f.p. presso il Bar Cinzia / Ö.B. bei Bar Cinzia,28/03/2018
MERANO/MERAN,"f.p. presso il serbatoio ""Naif"" / Öffentlicher Brunnen bei Reservoir Naiftal",16/08/2018
MERANO/MERAN,f.p. via Brennero/via Roma / Öffentlicher Brunnen Kreuzung Brennerstr./Romstr.,23/05/2018
MERANO/MERAN,f.p. via Mainardo/via O. Huber / Öffentlicher Brunnen Meinhardstraße/O.-Huber-Str.,28/03/2018
MERANO/MERAN,"ospedale, dialisi dopo l'impianto osmosi / Krankenhaus Meran, Dialyseabteilung nach der Osmoseanlage",27/03/2018
MERANO/MERAN,"ospedale, dialisi prima dell'impianto osmosi / Krankenhaus Meran, Dialyseabteilung vor der Osmoseanlage",27/03/2018
MERANO/MERAN,pozzo di distribuzione Tell / Verteilerschacht Töll,28/06/2018
MERANO/MERAN,Ö.B. Steinachweg,22/02/2018
MONGUELFO - TESIDO/WELSBERG - TAISTEN,Fontana chiesa / Brunnen Kirche,17/09/2018
MONGUELFO - TESIDO/WELSBERG - TAISTEN,Municipio / Rathaus,17/09/2018
MONGUELFO - TESIDO/WELSBERG - TAISTEN,Pensione Panorama / Pension Panorama,26/03/2018
MONTAGNA/MONTAN,Fontana pubblica Pinzon / Öffentlicher Brunnen Pinzon,15/11/2018
MONTAGNA/MONTAN,Fontana pubblica verso Pinzon / Öffentlicher Brunnen Richtung Pinzon,16/07/2018
MONTAGNA/MONTAN,Fontana pubblica vicino Gasthaus Pernter Gschnon / Öffentlicher Brunnen neben Gasthaus Pernter Gschnon,09/06/2018
MONTAGNA/MONTAN,"Fontana pubblica, via Collina di sopra / Öffentlicher Hügelgasse Brunnen oben",16/07/2018
MOSO DI PASSIRIA /MOOS IN PASSEIER,Reservoir (Einlauf) bei Schneebergbrücke / Reservoir (Einlauf) bei Schneebergbrücke,13/11/2018
MOSO DI PASSIRIA /MOOS IN PASSEIER,Scuola elementare Corvara / Grundschule Rabenstein,13/11/2018
MOSO DI PASSIRIA /MOOS IN PASSEIER,Scuola elementare Plata / Grundschule Platt,03/12/2018
MOSO DI PASSIRIA /MOOS IN PASSEIER,"f.p. Plan / Öffentlicher Brunnen, Pfelders",13/08/2018
MOSO DI PASSIRIA /MOOS IN PASSEIER,"f.p. centro / Öffentlicher Brunnen, Zentrum",20/11/2018
MOSO DI PASSIRIA /MOOS IN PASSEIER,f.p. presso la chiesa di Stulles / Ö.B. bei der Kirche in Stuls,08/09/2018
NALLES/NALS,"Fontana pubbl. via Schwanburg/Öff. Brunnen, Schwanburgerstr.",30/05/2018
NALLES/NALS,fontana pubb. municipio nuovo / Brunnen Rathausplatz neu,09/11/2018
NATURNO/NATURNS,"f.p. ""Sport Unterholzner"" / Öffentlicher Brunnen bei Sport Unterholzner",04/04/2018
NATURNO/NATURNS,f.p. Stava / Ö.B. Staben,30/07/2018
NATURNO/NATURNS,f.p. Tabla' / Öffentlicher Brunnen Tabland,28/02/2018
NATURNO/NATURNS,f.p. presso cassa di risparmio / Öff. Brunnen bei Sparkasse,23/04/2018
NATURNO/NATURNS,f.p. presso il luogo di sosta - ciclabile / Öffentlicher Brunnen bei Raststätte-Radweg,11/06/2018
NATURNO/NATURNS,"f.p. vicino bar ""Rössl"" / Öffentlicher Brunnen bei  Bar Rössl",12/06/2018
NATURNO/NATURNS,serb. Cirlano - ingresso / Res. Tschirland - Einlauf,11/06/2018
NAZ-SCIAVES/NATZ-SCHABS,Fontana pubblica Aica / Öffentlicher Brunnen Aicha,20/06/2018
NAZ-SCIAVES/NATZ-SCHABS,Fontana pubblica Rasa / Öff. Brunnen Raas,15/05/2018
NAZ-SCIAVES/NATZ-SCHABS,Fontana pubblica davanti alla cassa rurale / Öffentlicher Brunnen vor Raiffeisenkasse,22/03/2018
NAZ-SCIAVES/NATZ-SCHABS,"Rathaus Schabs, Peter-Kemenater-Str. 18/Rathaus Schabs, Peter-Kemenater-Str. 18",15/05/2018
NAZ-SCIAVES/NATZ-SCHABS,"Rathaus Schabs, Peter-Kemenater-Str. 18/Rathaus Schabs, Peter-Kemenater-Str. 18 - WH WC",07/02/2018
NAZ-SCIAVES/NATZ-SCHABS,"Rathaus Schabs, Peter-Kemenater-Str. 18/Rathaus Schabs, Peter-Kemenater-Str. 18, WH WC",22/03/2018
NAZ-SCIAVES/NATZ-SCHABS,Scuola materna Rasa / Kindergarten Raas,11/12/2018
NAZ-SCIAVES/NATZ-SCHABS,"Scuola materna Rasa / Kindergarten Raas, WH WC",22/03/2018
NAZ-SCIAVES/NATZ-SCHABS,"Viumser Speck snc, via S. Maddalena n.2 / Viumser Speck OHG, St. Magdalena Straße 2",20/06/2018
NOVA LEVANTE/WELSCHNOFEN,Fontana pubblica presso Chiesa / Öffentlicher Brunnen vor Kirche,13/09/2018
NOVA LEVANTE/WELSCHNOFEN,Fontana pubblica presso Municipio / Öffentlicher Brunnen vor Rathaus,26/06/2018
NOVA LEVANTE/WELSCHNOFEN,GH Luis  / GH Luis,30/01/2018
NOVA LEVANTE/WELSCHNOFEN,Gasthaus Meierei / Gasthaus Meierei,10/03/2018
NOVA LEVANTE/WELSCHNOFEN,Hotel Latemar / Hotel Latemar,17/01/2018
NOVA LEVANTE/WELSCHNOFEN,Scuola Media / Mittelschule,30/01/2018
NOVA LEVANTE/WELSCHNOFEN,WC pubblici vicino ufficio skipass/Öff. Toiletten bei Skipassbüro,30/01/2018
NOVA PONENTE/DEUTSCHNOFEN,Asilo Eggen / Kindergarten Eggen,28/03/2018
NOVA PONENTE/DEUTSCHNOFEN,Asilo Monte S. Pietro / Kindergarten Petersberg,28/03/2018
NOVA PONENTE/DEUTSCHNOFEN,Fontana pubblica Eggen / Dorfbrunnen Eggen,19/09/2018
NOVA PONENTE/DEUTSCHNOFEN,Fontana pubblica Petersberg / Dorfbrunnen Petersberg,30/07/2018
NOVA PONENTE/DEUTSCHNOFEN,Fontana pubblica presso Municipio / Öffentlicher Brunnen vor Rathaus,30/07/2018
NOVA PONENTE/DEUTSCHNOFEN,GH Wagger - Hennewinkl 12 / GH Wagger - Hennewinkl 12,10/03/2018
NOVA PONENTE/DEUTSCHNOFEN,Hotel Royal / Hotel Royal,17/01/2018
NOVA PONENTE/DEUTSCHNOFEN,Hotel Sonnalp / Hotel Sonnalp,23/08/2018
NOVA PONENTE/DEUTSCHNOFEN,Scuola elementare Petersberg / Grundschule Petersberg,11/07/2018
NOVA PONENTE/DEUTSCHNOFEN-,Fontana pubblica presso Municipio / Öffentlicher Brunnen vor Rathaus,11/07/2018
ORA/AUER,fontana pubblica via val di Fiemme / öff. Brunnen Fleimstalstraße,24/09/2018
ORA/AUER,scuola elementare / Grundschule,02/07/2018
ORA/AUER,Öfficina Falser / Maschinenbau Falser,26/03/2018
ORTISEI/ST. ULRICH,Gasthaus Samont / Gasthaus Samont,12/04/2018
ORTISEI/ST. ULRICH,Privato/Privat,08/01/2018
ORTISEI/ST. ULRICH,Rathaus St. Ulrich / Rathaus St. Ulrich,03/07/2018
ORTISEI/ST. ULRICH,"font. pubb. Raetiaplatz / Öffentlicher Brunnen, Raetiaplatz",28/08/2018
ORTISEI/ST. ULRICH,sede distretto sanitario / Sitz Sanitätssprengel,07/09/2018
PARCINES/PARTSCHINS,f.p. piazza Gerold - Rabla' / Öffentlicher Brunnen Geroldplatz in Rabland,27/03/2018
PARCINES/PARTSCHINS,f.p. via Peter Mitterhofer / Öffentl. Brunnen Peter Mitterhoferstr.,19/12/2018
PARCINES/PARTSCHINS,pozzetto via Stampf / Schacht Stampfstr.,31/05/2018
PERCA/PERCHA,Fontana municipio / Brunnen Rathaus,14/02/2018
PLAUS/PLAUS,"f.p. presso pensione ""Stefanshof"" / Öffentlicher Brunnen bei Pension Stefanshof",10/03/2018
PONTE GARDENA/WAIDBRUCK,Uffici comunali Ponte Gardena / Gemeindeamt Waidbruck,19/03/2018
PONTE GARDENA/WAIDBRUCK,Uffici comunali Ponte Gardena / Gemeindeamt Waidbruck  - WH WC,09/11/2018
PONTE GARDENA/WAIDBRUCK,Uffici comunali Ponte Gardena / Gemeindeamt Waidbruck; WH WC,07/05/2018
POSTAL/BURGSTALL,WC municipio / Gemeinde WC,28/02/2018
POSTAL/BURGSTALL,f.p. presso il comune / Öffentl. Brunnen neben Gemeinde,19/06/2018
PRATO ALLO STELVIO/PRAD AM STILFSERJOCH,"f.p. Agumes / Öffentlicher Brunnen, Agums",16/05/2018
PRATO ALLO STELVIO/PRAD AM STILFSERJOCH,f.p. Kirchweg / Öffentlicher Brunnen Kirchweg,16/05/2018
PRATO ALLO STELVIO/PRAD AM STILFSERJOCH,"f.p. Montechiaro / Öffentlicher Brunnen, Lichtenberg",03/05/2018
PRATO ALLO STELVIO/PRAD AM STILFSERJOCH,"f.p. presso ""Sport Fahrner"" / Öffentlicher Brunnen bei Sport Fahrner",02/12/2018
PRATO ALLO STELVIO/PRAD AM STILFSERJOCH,"f.p. presso albergo ""Stern"" / ö.B. bei Gasthaus Stern",19/06/2018
PREDOI/PRETTAU,Fontana municipio / Brunnen Rathaus,19/09/2018
PREDOI/PRETTAU,Municipio / Rathaus,13/11/2018
PROVES/PROVEIS,"f.p. presso albergo ""neue Post"" / Ö.B. bei GH Neue Post",08/08/2018
RACINES/RATSCHINGS,Albergo Gilfenklamm / Gasthaus Gilfenklamm - Stange Alte TWL WH Bar,20/08/2018
RACINES/RATSCHINGS,Asilo di Maretta / Kindergarten in Mareit,26/04/2018
RACINES/RATSCHINGS,Asilo di Maretta / Kindergarten in Mareit - WH Garten,22/08/2018
RACINES/RATSCHINGS,Asilo di Maretta / Kindergarten in Mareit - WH Küche - Entnahme ohne abflammen,27/03/2018
RACINES/RATSCHINGS,"Auto Gasser, Industriezone Unterackern, WH WC Personal",07/12/2018
RACINES/RATSCHINGS,"Cappella S.Antonio, fontana pubblica / Kapelle St. Anton, Öff. Brunnen",20/08/2018
RACINES/RATSCHINGS,Fontana pubblica Ridanna / Öffentlicher Brunnen in Ridnaun,27/03/2018
RACINES/RATSCHINGS,Fontana pubblica comune Stanga / Öff. Brunnen Gemeindeamt Stange,07/03/2018
RACINES/RATSCHINGS,Hotel Kalcherhof / Hotel Kalcherhof WH Bar,20/08/2018
RACINES/RATSCHINGS,Kindergarten Maiern; WH Küche,30/05/2018
RACINES/RATSCHINGS,Mareit Sonnenseite / Fam . Schölzhorn Herbert / Fam. Schölzhorn Herbert; WH Milchkammer,30/05/2018
RACINES/RATSCHINGS,Museo minerario - amministrazione / Bergbaumuseum Verwaltungsgebäude - WH WC Verwaltungsgebäude,30/05/2018
RACINES/RATSCHINGS,Privato/Privat,26/04/2018
RACINES/RATSCHINGS,"Rest. Bar/Pizzeria Camping, Strada Giovo. 2/B - / Rest. Bar/Pizzeria Camping, Jaufenstr. 2/B",26/04/2018
RACINES/RATSCHINGS,"Rest. Bar/Pizzeria Camping, Strada Giovo. 2/B - / Rest. Bar/Pizzeria Camping, Jaufenstr. 2/B - WH Bar",30/10/2018
RACINES/RATSCHINGS,Wellness Sporthotel Ratschings / Wellness Sporthotel Ratschings,27/03/2018
RACINES/RATSCHINGS,Wellness Sporthotel Ratschings / Wellness Sporthotel Ratschings - WH Küche,22/08/2018
RACINES/RATSCHINGS,Wellness Sporthotel Ratschings / Wellness Sporthotel Ratschings - WH Küche - ohne Abflammen,10/03/2018
RACINES/RATSCHINGS,Öff. Brunnen Obertelfes,30/05/2018
RASUN ANTERSELVA/RASEN ANTHOLZ,Alpenresidenz Antholz  /  Alpenresidenz Antholz,23/07/2018
RASUN ANTERSELVA/RASEN ANTHOLZ,Bar  / Bar,23/07/2018
RASUN ANTERSELVA/RASEN ANTHOLZ,Cimitero / Friedhof,23/04/2018
RASUN ANTERSELVA/RASEN ANTHOLZ,Fontana Maso Müller / Brunnen Müllerhof,15/10/2018
RASUN ANTERSELVA/RASEN ANTHOLZ,Fontana chiesa / Brunnen Kirche,23/04/2018
RASUN ANTERSELVA/RASEN ANTHOLZ,Fontana chiesa di mezzo / Brunnen Kirche Mittertal,23/07/2018
RASUN ANTERSELVA/RASEN ANTHOLZ,Fontana scuola elementare / Brunnen Grundschule,17/07/2018
RASUN ANTERSELVA/RASEN ANTHOLZ,Hexenschenke / Hexenschenke,19/09/2018
RASUN ANTERSELVA/RASEN ANTHOLZ,Privato/Privat,17/10/2018
RENON/RITTEN,Asilo Auna di Sotto / Kindergarten Unterinn,26/02/2018
RENON/RITTEN,Friedhof Unterinn,13/06/2018
RENON/RITTEN,Friedhof Unterinn  /  Friedhof Unterinn,01/08/2018
RENON/RITTEN,Gasthaus Seeberger - Wangen Sill,05/03/2018
RENON/RITTEN,Gasthaus Seeberger / Gasthaus Seeberger,11/07/2018
RENON/RITTEN,Gasthof Maria Saal,24/09/2018
RENON/RITTEN,Gasthof Signaterhof / Gasthof Signaterhof,01/08/2018
RENON/RITTEN,Hotel am Wolfsgrubener See / Hotel am Wolfsgrubener See,13/06/2018
RENON/RITTEN,Privato/Privat,26/02/2018
RENON/RITTEN,Siffiano - Gh. Rielinger / Siffian - Gasthof Rielinger,13/06/2018
RENON/RITTEN,font. pubb.  Collalbo / Öffentlicher Brunnen Klobenstein,19/07/2018
RENON/RITTEN,font. pubb. Signat / Öffentlicher Brunnen Signat,13/06/2018
RENON/RITTEN,font. pubb. vicino chiesa / Öffentlicher Brunnen neben Kirche,20/07/2018
RENON/RITTEN,fontana pubblica piazza / Öffentlicher Brunnen Dorfplatz,24/09/2018
RENON/RITTEN,funivia Soprabolzano / Seilbahn Oberbozen,26/03/2018
RENON/RITTEN,nuova scuola elementare Longostagno/Neue Grundschule Lengstein,13/06/2018
RENON/RITTEN,rubinetto cimitero Campodazzo / Friedhof Atzwang,05/09/2018
RENON/RITTEN,scuola elementare Longostagno / Grundschule Lengstein,23/01/2018
RENON/RITTEN,scuola materna Auna di Sopra / Kindergarten Oberrinn,26/03/2018
RENON/RITTEN,scuola media  Collalbo / Mittelschule Klobenstein,26/03/2018
RIFIANO/RIFFIAN,f.p. sopra la biblioteca pubblica / Öffentlicher Brunnen oberhalb der öffentlichen Bibliothek,26/09/2018
RIO DI PUSTERIA/MÜHLBACH,Fontana pubblica a Spinga / Öffentlicher Brunnen in Spinges,20/11/2018
RIO DI PUSTERIA/MÜHLBACH,Fontana pubblica a Valles / Öffentlicher Brunnen in Vals,18/09/2018
RIO DI PUSTERIA/MÜHLBACH,Fontana pubblica alla Banca Popolare / Öffentlicher Brunnen bei Volksbank,14/06/2018
RIO DI PUSTERIA/MÜHLBACH,Fontana pubblica macellaio Pichler / Öffentlicher Brunnen Metzgerei Pichler,15/05/2018
RIO DI PUSTERIA/MÜHLBACH,Fontana pubblica macellaio Pichler / Öffentlicher Brunnen Metzgerei Pichler - Brücke,20/11/2018
RIO DI PUSTERIA/MÜHLBACH,Pensione Pfeiferhof - Maranza 58 / Pension Pfeiferhof - Meransen 58 - WH Küche,06/12/2018
RIO DI PUSTERIA/MÜHLBACH,Privato/Privat,20/11/2018
RIO DI PUSTERIA/MÜHLBACH,Scuola elementare a Valles / Grundschule in Vals,20/11/2018
RIO DI PUSTERIA/MÜHLBACH,"Scuola elementare a Valles / Grundschule in Vals, WH WC",14/03/2018
RODENGO/RODENECK,Centro Terapeutico Bad Bachgard / Therapiezentrum Bad Bachgart; Brunnen Speisesaal,20/11/2018
RODENGO/RODENECK,Fontana pubblica S. Benedetto / Öff. Brunnen Nauders,26/04/2018
RODENGO/RODENECK,Fontana pubblica davanti al comune / Öffentlicher Brunnen am Gemeindeamt,26/04/2018
RODENGO/RODENECK,WC  pubblici al parcheggio / Öff. WC am Parkplatz; Hydrant unter Gebäude,14/11/2018
RODENGO/RODENECK,"f. p. ""Grüne Gasse"" / Öff. Brunnen ""Grüne Gasse""",14/11/2018
SALORNO/SALURN,Fontana pubblica vicino alla ex scuola / öff. Brunnen neben ex Schule,10/09/2018
SALORNO/SALURN,fontana pubblica cimitero  / öff. Brunnen Friedhof,10/09/2018
SALORNO/SALURN,fontana pubblica via Trento / öff. Brunnen Trientstr.,26/03/2018
SALORNO/SALURN,fontana pubblica via Valfredda / öff. Brunnen - Kaltentalstr.,19/04/2018
SAN CANDIDO/INNICHEN,Distretto / Sprengel,04/03/2018
SAN CANDIDO/INNICHEN,Fontana / Brunnen,05/08/2018
SAN CANDIDO/INNICHEN,Fontana chiesa / Brunnen Kirche,15/10/2018
SAN CANDIDO/INNICHEN,Privato/Privat,09/10/2018
SAN GENESIO ATESINO/JENESIEN,Fontana pubblica presso Municipio / Öffentlicher Brunnen neben Gemeinde,30/05/2018
SAN GENESIO ATESINO/JENESIEN,GH Locher / GH Locher,26/09/2018
SAN GENESIO ATESINO/JENESIEN,GH Plattner / GH Plattner,26/09/2018
SAN GENESIO ATESINO/JENESIEN,Scuola elementare Afing / Volksschule Afing,26/09/2018
SAN LEONARDO IN PASSIRIA/ST.LEONHARD in PASSEIER,Privato/Privat,26/09/2018
SAN LEONARDO IN PASSIRIA/ST.LEONHARD in PASSEIER,entrata nel serbatoio / Einlauf ins Reservoir,12/11/2018
SAN LEONARDO IN PASSIRIA/ST.LEONHARD in PASSEIER,f.p. centro / Öffentlicher Brunnen Zentrum,27/11/2018
SAN LEONARDO IN PASSIRIA/ST.LEONHARD in PASSEIER,pozzetto di interruzzione  Unteregg -entrata / Unterbrecherschacht Unteregg Einlauf,12/11/2018
SAN LEONARDO IN PASSIRIA/ST.LEONHARD in PASSEIER,"trattoria  Alpenrose, Valtina / Gasthaus Alpenrose, Walten",17/05/2018
SAN LORENZO DI SEBATO/St. Lorenzen,ARA / ARA,18/09/2018
SAN LORENZO DI SEBATO/St. Lorenzen,Fontana S. Stefano / Brunnen Stefansdorf,18/09/2018
SAN LORENZO DI SEBATO/St. Lorenzen,Fontana chiesa / Brunnen Kirche,18/09/2018
SAN LORENZO DI SEBATO/St. Lorenzen,Privato/Privat,18/09/2018
SAN LORENZO DI SEBATO/St. Lorenzen,Saalerwirt/Saalerwirt,16/05/2018
SAN MARTINO IN BADIA/ST. MARTIN IN THURN,Cristlà Pizzeria / Cristlà Pizzeria,23/10/2018
SAN MARTINO IN BADIA/ST. MARTIN IN THURN,Distretto Picolin / Sprengel Picolin,09/11/2018
SAN MARTINO IN BADIA/ST. MARTIN IN THURN,Fontana / Brunnen,09/11/2018
SAN MARTINO IN BADIA/ST. MARTIN IN THURN,Fontana chiesa / Brunnen Kirche,18/09/2018
SAN MARTINO IN BADIA/ST. MARTIN IN THURN,Hotel Pütia / Hotel Pütia,18/09/2018
SAN MARTINO IN BADIA/ST. MARTIN IN THURN,Scuola elementare / Grundschule,18/09/2018
SAN MARTINO IN BADIA/ST. MARTIN IN THURN,Vantsch / Vantsch,18/09/2018
SAN MARTINO IN PASSIRIA/ST. MARTIN IN PASSEIER,"f.p. centro / Öffentlicher Brunnen, Zentrum",26/09/2018
SAN MARTINO IN PASSIRIA/ST. MARTIN IN PASSEIER,fontana pubblica presso chiesa / Öffentl. Brunnen bei Kirche,26/09/2018
SAN PANCRAZIO/ST. PANKRAZ,"Albergo ""Forsthof"" / Gasthaus Forsthof",26/07/2018
SAN PANCRAZIO/ST. PANKRAZ,"DWS, Bagno Lad / DWS, Bad Lad",26/07/2018
SAN PANCRAZIO/ST. PANKRAZ,"Pensione ""Sunnleit"" - Bagno Lad / Pension Sunnleit - Bad Lad",25/10/2018
SAN PANCRAZIO/ST. PANKRAZ,"albergo ""Helener Pichl"", S. Elena / Gasthaus Helener Pichl, St. Helena",26/07/2018
SAN PANCRAZIO/ST. PANKRAZ,"f.p. centro / Öffentlicher Brunnen, Zentrum",26/07/2018
SANTA CRISTINA VALGARDENA/ST. CHRISTINA IN GRÖDEN,Font. pubb. vicino uff. postale / Öffentlicher Brunnen Nähe Postamt,20/11/2018
SANTA CRISTINA VALGARDENA/ST. CHRISTINA IN GRÖDEN,Fontana pubblica  Kirchplatz / Öffentlicher Brunnen Kirchplatz,28/08/2018
SARENTINO/SARNTAL,Font. pubbl. Kirchplatz vor Rathaus / Öffentlicher Brunnen Kirchplatz vor Rathaus,13/11/2018
SARENTINO/SARNTAL,Kindergarten Weissenbach  /  Kindergarten Weissenbach,15/05/2018
SARENTINO/SARNTAL,Pension Hofer / Pension Hofer,15/05/2018
SARENTINO/SARNTAL,Privato/Privat,22/10/2018
SARENTINO/SARNTAL,Reservoir Mair in der Wies - Zulauf /  Reservoir Mair in der Wies - Zulauf,13/11/2018
SARENTINO/SARNTAL,Schulhaus Aberstückl / Schulhaus Aberstückl,13/11/2018
SARENTINO/SARNTAL,Scuola elementare Astfeld / Grundschule Astfeld,22/10/2018
SARENTINO/SARNTAL,Tankstelle API - Steet 81 / Tankstelle API - Steet 81,22/10/2018
SARENTINO/SARNTAL,Unterbrecherschacht Stauderhof - Zulauf  /  Unterbrecherschacht Stauderhof - Zulauf,05/02/2018
SARENTINO/SARNTAL,WC pubblico parcheggio / Öffentlich. WC Parkplatz,21/02/2018
SARENTINO/SARNTAL,font. pubbl. - Grieserplatz / Öffentlicher Brunnen - Grieserplatz,21/02/2018
SARENTINO/SARNTAL,fontana pubbl. Astfeld / Öffentlicher Brunnen Astfeld,05/02/2018
SARENTINO/SARNTAL,scuola elementare nuova - Weissenbach / Neue Grundschule - Weissenbach,01/11/2018
SARENTINO/SARNTAL,scuola materna/elementare Reinswald / Grundschule/Kindergarten Reinswald,21/02/2018
SCENA/SCHENNA,Gasthaus Prennanger/Gasthaus Prennanger,06/12/2018
SCENA/SCHENNA,Privato/Privat,06/12/2018
SCENA/SCHENNA,"Schennaberg - Albergo ""Greitererhof"" / Schennaberg - Gasthof Greitererhof",23/10/2018
SCENA/SCHENNA,f.p. a Verdins / Öffentlicher Brunnen in Verdins,07/11/2018
SCENA/SCHENNA,"f.p. presso ""Torgglerhof"" / Öffentlicher Brunnen bei Torgglerhof",23/10/2018
SCENA/SCHENNA,fb presso gelateria Mario / Öffentlicher Brunnen bei Eisdiele Mario,18/12/2018
SELVA DEI MOLINI/MÜHLWALD,Caseificio Hochgruber / Käserei Hochgruber,18/12/2018
SELVA DEI MOLINI/MÜHLWALD,Fontana chiesa / Brunnen Kirche,26/04/2018
SELVA DEI MOLINI/MÜHLWALD,Municipio / Rathaus,14/03/2018
SELVA DEI MOLINI/MÜHLWALD,Privato/Privat,18/12/2018
SELVA DI VAL GARDENA/WOLKENSTEIN IN GRÖDEN,Fontana davanti all''Hotel Alpin  /  Brunnen vor Hotel Alpin,07/09/2018
SELVA DI VAL GARDENA/WOLKENSTEIN IN GRÖDEN,Privato/Privat,07/09/2018
SELVA DI VAL GARDENA/WOLKENSTEIN IN GRÖDEN,Ufficio Posta / Postamt,28/08/2018
SELVA DI VAL GARDENA/WOLKENSTEIN IN GRÖDEN,Val  Pudra / Val  Pudra,12/04/2018
SELVA DI VAL GARDENA/WOLKENSTEIN IN GRÖDEN,Verkehrsverein / Verkehrsverein,13/03/2018
SELVA DI VAL GARDENA/WOLKENSTEIN IN GRÖDEN,discoteca  Medel - Meisulesstr. / Diskothek Medel - Meisulesstr.,03/07/2018
SELVA DI VAL GARDENA/WOLKENSTEIN IN GRÖDEN,fontana pubblica avanti Appartments Arabel / Brunnen vor Appartments Arabel,13/03/2018
SELVA DI VAL GARDENA/WOLKENSTEIN IN GRÖDEN,municipio / Rathaus,22/03/2018
SELVA DI VAL GARDENA/WOLKENSTEIN IN GRÖDEN,stazione Carabinieri  Plan / Carabinieristation Plan,28/08/2018
SELVA DI VAL GARDENA/WOLKENSTEIN IN GRÖDEN,stazione forestale  Plan / Forststation Plan,12/04/2018
SENALE - SAN FELICE/UNSERE LIEBE FRAU IM WALDE - ST. FELIX,"Albergo ""Greti"", S. Felice Klemm / Gasthaus Greti, St. Felix Klemm",08/08/2018
SENALE - SAN FELICE/UNSERE LIEBE FRAU IM WALDE - ST. FELIX,"Albergo ""Rose"" / Gasthaus Rose",20/08/2018
SENALE - SAN FELICE/UNSERE LIEBE FRAU IM WALDE - ST. FELIX,"Albergo ""zur Sonne"" / Gasthof zur Sonne",08/08/2018
SENALE - SAN FELICE/UNSERE LIEBE FRAU IM WALDE - ST. FELIX,Fontana pubblica centro / Öffentlicher Brunnen Zentrum,08/08/2018
SENALE - SAN FELICE/UNSERE LIEBE FRAU IM WALDE - ST. FELIX,Malga Felixer / Felixer Alm,24/07/2018
SENALES/SCHNALS,"Fontana pubblica ""Der gute Hirte"" / Öffentlicher Brunnen ""Der gute Hirte""",08/01/2018
SENALES/SCHNALS,Maso Corto - stazione a valle - WC / Kurzras - Gletscherbahn Talstation - WC,27/11/2018
SENALES/SCHNALS,Sammelschacht Oberbergquellen   /  Sammelschacht Oberbergquellen,27/11/2018
SENALES/SCHNALS,WC - scuola elementare / WC Grundschule,17/12/2018
SENALES/SCHNALS,"albergo ""Edelweiss"" / Gasthaus Edelweiss",17/12/2018
SENALES/SCHNALS,"albergo ""Schwarzer Adler""  / Gasthaus Schwarzer Adler - U.F. Oberdorf",14/02/2018
SENALES/SCHNALS,"f.p. Certosa / Öffentlicher Brunnen, Karthaus",17/12/2018
SENALES/SCHNALS,f.p. presso la chiesa / ö.B. neben Kirche,15/10/2018
SENALES/SCHNALS,fontana pubblica / Öffentlicher Brunnen,18/10/2018
SESTO/SEXTEN,Albergo Froneben / Gasthaus Froneben,16/10/2018
SESTO/SEXTEN,Albergo Panorama / Gasthaus Panorama,22/10/2018
SESTO/SEXTEN,Fontana Moso / Brunnen Moos,16/10/2018
SESTO/SEXTEN,Fontana municipio / Brunnen Rathaus,16/10/2018
SESTO/SEXTEN,Privato/Privat,22/10/2018
SILANDRO/SCHLANDERS,Covelano scuola elementare - WC / Volksschule Göflan - WC,12/11/2018
SILANDRO/SCHLANDERS,Fontana pubblica vicino pista ciclabile/Öffentlicher Brunnen bei Radlweg,08/07/2018
SILANDRO/SCHLANDERS,Ospedale - dialisi - dopo l'osmosi / Abt. Dialyse - nach Osmose-Anlage - Krankenhaus,30/01/2018
SILANDRO/SCHLANDERS,Ospedale - dialisi - prima dell'osmosi / Abt. Dialyse - vor Osmose-Anlage - Krankenhaus,30/01/2018
SILANDRO/SCHLANDERS,f.p. - Covelano / ö.B. Göflan,15/05/2018
SILANDRO/SCHLANDERS,"f.p. Corces ""Mitterdorf"" / Kortsch - Öffentl. Brunnen Mitterdorf",26/03/2018
SILANDRO/SCHLANDERS,"f.p. parco ""Plawenn"" / Öffentlicher Brunnen Plawennpark",10/09/2018
SILANDRO/SCHLANDERS,"f.p. presso ""Sonnenwirtshof"" Corces / Öffentlicher Brunnen bei Sonnenwirtshof, Kortsch",30/08/2018
SILANDRO/SCHLANDERS,f.p. presso piazza della chiesa/Öffentlicher Brunnen bei Kirchplatz,17/05/2018
SILANDRO/SCHLANDERS,pozzetto rotonda - zona industriale / Schacht Kreisverkehr Industriezone,08/07/2018
SILANDRO/SCHLANDERS,"ristoro di campagna ""Fisolgut"" / Buschenschank Fisolgut",17/10/2018
SILANDRO/SCHLANDERS,"sorgente ""Schimpfes"" dopo UV / Schimpfesquelle nach UV",04/05/2018
SILANDRO/SCHLANDERS,Öffentliches WC - Plawennpark / Öffentliches WC - Plawennpark,13/03/2018
SLUDERNO/SCHLUDERNS,f.p. piazza del magistrato / Öffentlicher Brunnen Rathausplatz,24/09/2018
SLUDERNO/SCHLUDERNS,"f.p. presso albergo ""Alte Mühle"" / Öffentlicher Brunnen bei GH alte Mühle",27/02/2018
STELVIO/STILFS,Hotel passo stelvio / Hotel Stilfserjoch,20/06/2018
STELVIO/STILFS,Hotel passo stelvio / Hotel Stilfserjoch (Entnahme am Zapfhahn nach AB),20/06/2018
STELVIO/STILFS,Solda - scuola elementare / Sulden - Grundschule,29/05/2018
STELVIO/STILFS,Solda - stazione a valle - funivia / Sulden - Talstation Getscher Bahn,24/04/2018
STELVIO/STILFS,WC - centrale elettrica Stelvio / WC - E-Werk Stilfs,20/02/2018
STELVIO/STILFS,casa della natura - Trafoi / Naturatrafoi Haus der Natur,13/12/2018
STELVIO/STILFS,f.p. davanti pro loco Gomagoi / Ö.B. vor Tourismusbüro Gomagoi,29/05/2018
STELVIO/STILFS,f.p. presso la casa della natura / ö.B. bei Haus der Natur,29/05/2018
STELVIO/STILFS,f.p. presso la chiesa / Öffentlicher Brunnen neben Kirche,24/04/2018
STELVIO/STILFS,"fontana presso il maso ""Oberlaganda"" / Brunnen bei Oberlaganda Hof",29/05/2018
STELVIO/STILFS,"panificio ""Reinstadler"" / Bäckerei Reinstadler",13/12/2018
TERENTO/TERENTEN,Fontana chiesa / Brunnen Kirche,27/03/2018
TERENTO/TERENTEN,Privato/Privat,07/12/2018
TERLANO/TERLAN,F. p. presso Scuola elementare Vilpian / Ö.B. bei Grundschule Vilpian,28/08/2018
TERLANO/TERLAN,F.P. presso scuola elementare Siebeneich / Ö.B. vor Grundschule Siebeneich,17/04/2018
TERLANO/TERLAN,Scuola Media  / Mittelschule,03/06/2018
TERLANO/TERLAN,Scuola elementare Siebeneich / Grundschule Siebeneich,28/06/2018
TERLANO/TERLAN,Scuola elementare Vilpiano  /  Grundschule Vilpian,03/06/2018
TERLANO/TERLAN,Öff. Brunnen Karl Atz Platz  /  Öff. Brunnen Karl Atz Platz,28/08/2018
TERLANO/TERLAN,Öff. Brunnen Oberkreuth  /  Öff. Brunnen Oberkreuth,07/04/2018
TERMENO SULLA STRADA DEL VINO/TRAMIN AN DER WEINSTRASSE,Bar Tennis / Bar Tennis,16/10/2018
TERMENO SULLA STRADA DEL VINO/TRAMIN AN DER WEINSTRASSE,"fontana pubbl. Viertl Graun / Öffentl. Brunnen, Viertl Graun",12/11/2018
TERMENO SULLA STRADA DEL VINO/TRAMIN AN DER WEINSTRASSE,fontana pubblica / Öffentlicher Brunnen,09/11/2018
TERMENO SULLA STRADA DEL VINO/TRAMIN AN DER WEINSTRASSE,fontana pubblica Söll / Öffentlicher Brunnen Söll,17/09/2018
TERMENO SULLA STRADA DEL VINO/TRAMIN AN DER WEINSTRASSE,Öffentlicher Brunnen vor Rathaus / Öffentlicher Brunnen vor Rathaus,19/07/2018
TERMENO SULLA STRADA DEL VINO/TRAMIN AN DER WEINSTRASSE,öff. Brunnen Auf der Hört  /  öff. Brunnen Auf der Hört,21/03/2018
TESIMO/TISENS,"Albergo ""Gfrillerhof"", Caprile / Gasthaus Gfrillerhof, Gfrill",15/02/2018
TESIMO/TISENS,"Bar ""Böltener Hügel"" / Bar Böltener Hügel",15/02/2018
TESIMO/TISENS,"f.p. p.zza ""Weber"" / ö.B. Weberplatz",15/02/2018
TESIMO/TISENS,"f.p. presso ""Lidlkapelle"" / ö.B. Prissian bei Lidlkapelle",20/08/2018
TESIMO/TISENS,f.p. presso il municipio / Öffentl. Brunnen bei Gemeinde,20/08/2018
TIRES/TIERS,Fontana pubblica presso Ufficio postale / Öffentlicher Brunnen gegenüber Postamt,30/07/2018
TIROLO/TIROL,"Albergo ""Hochmuth"" / Gasthof Hochmuth",07/09/2018
TIROLO/TIROL,Bar Haweli (zona)  /  Bar Haweli (Zone),12/06/2018
TIROLO/TIROL,f.p. alla chiesa / ö.B. vor Kirche,03/01/2018
TIROLO/TIROL,f.p. presso casa di cultura / Öffentlicher Brunnen bei Vereinshaus,17/05/2018
TIROLO/TIROL,f.p. sopra il municipio / Öffentlicher Brunnen oberhalb Gemeinde,21/11/2018
TRODENA/TRUDEN,Albergo Genzianella S. Lugano / Gasthof Genzianella - S. Lugano,07/12/2018
TRODENA/TRUDEN,Comune / Rathaus,19/11/2018
TRODENA/TRUDEN,Fontana davanti a Jagelhof / Brunnen vor Jagelhof,04/10/2018
TRODENA/TRUDEN,Fontana pubblica via segheria / Öffentlicher Brunnen Sägeweg,10/02/2018
TUBRE/TAUFERS IM MÜNSTERTAL,Fontana pubblica vicino parcheggio/Öffentlicher Brunnen bei Parkplatz,15/11/2018
TUBRE/TAUFERS IM MÜNSTERTAL,"f.p. ""Mühlweg"" / Öffentlicher Brunnen, Mühlweg",18/06/2018
TUBRE/TAUFERS IM MÜNSTERTAL,"f.p. ""Widum"" / Öffentlicher Brunnen, Widum",12/04/2018
TUBRE/TAUFERS IM MÜNSTERTAL,"f.p. Rifair / Öffentlicher Brunnen, Riffair",26/02/2018
TUBRE/TAUFERS IM MÜNSTERTAL,"f.p. presso maso ""Baustadl"" / Öffentl. Brunnen bei Baustadlhof",26/02/2018
ULTIMO/ULTEN,"albergo ""Kuppelwies"" / Gasthaus Kuppelwies, Kuppelwies",10/09/2018
ULTIMO/ULTEN,"albergo ""Sporthof"", Gasteig/Gschöra / Gasthaus Sporthof, Gasteig/Gschöra",10/09/2018
ULTIMO/ULTEN,f.p. S. Nicolò / Öffentlicher Brunnen St. Nikolaus,10/09/2018
ULTIMO/ULTEN,f.p. centro / Öffentlicher Brunnen Zentrum,21/08/2018
ULTIMO/ULTEN,"Öffentlicher Brunnen, St. Gertraud / Öffentlicher Brunnen, St. Gertraud",10/09/2018
VADENA/PFATTEN,Centro sperimentale Laimburg / Versuchszentrum Laimburg,16/10/2018
VADENA/PFATTEN,Centro sperimentale Laimburg / Versuchszentrum Laimburg (Toilette 1. Stock Hauptgebäude),22/10/2018
VADENA/PFATTEN,Centro sperimentale Laimburg / Versuchszentrum Laimburg (Toilette Aula Erdgeschoss),22/10/2018
VADENA/PFATTEN,Comune di Vadena / Rathaus Pfatten,16/10/2018
VADENA/PFATTEN,Privato/Privat,16/10/2018
VADENA/PFATTEN,Victor's Imbiss / Victor's Imbiss,20/12/2018
VAL DI VIZZE/PFITSCH,"Albergo Pfitscherhof,Caminata 124 / Gasthof Pfitscherhof, Kematen 124 - WH Küche",06/12/2018
VAL DI VIZZE/PFITSCH,"Albergo Pretz Hof, Tulve 259 / Gasthaus Pretz Hof, Tulfer 259 - W2 WH Schlachthaus",06/12/2018
VAL DI VIZZE/PFITSCH,"Albergo Simeler, Avenes / Gasthaus Simeler in Afens - WH Bar",06/12/2018
VAL DI VIZZE/PFITSCH,Albergo Sonnenheim in Flains / Gasthaus Sonnenheim in Flains - WH Bar,06/12/2018
VAL DI VIZZE/PFITSCH,"Cafe & Bar Buffet, Bahnhofstr. 38A - WH Bar",22/08/2018
VAL DI VIZZE/PFITSCH,Cafè & Bar Buffet - Via Stazione/Bahnhofstr. 38 - WH Bar - ohne Abflammen,10/03/2018
VAL DI VIZZE/PFITSCH,Fontana pubblica Caminata / Öffentlicher Brunnen Kematen,09/05/2018
VAL DI VIZZE/PFITSCH,Fontana pubblica Prati / Dorfbrunnen Wiesen,22/08/2018
VAL DI VIZZE/PFITSCH,Fontana pubblica Prati / Dorfbrunnen Wiesen - Wiesen Tulfes Gemeindeamt,06/12/2018
VAL DI VIZZE/PFITSCH,Fontana pubblica S. Giacomo / Öff. Brunnen St. Jakob,09/05/2018
VAL DI VIZZE/PFITSCH,Wiesen - Öff. Brunnen Gemeinde,10/03/2018
VALDAORA/OLANG,Bunnen Picknick,04/10/2018
VALDAORA/OLANG,Fontana  / Brunnen,23/04/2018
VALDAORA/OLANG,Fontana Municipio / Brunnen Rathaus,24/07/2018
VALDAORA/OLANG,Fontana Valdaora di sopra / Brunnen Oberolang,25/09/2018
VALDAORA/OLANG,Fontana al parco / Brunnen am Park,25/09/2018
VALDAORA/OLANG,Fontana chiesa Valdaora di sotto / Brunnen Kirche Niederolang,24/07/2018
VALDAORA/OLANG,Marchnerhütte / Marchnerhütte,12/03/2018
VALDAORA/OLANG,Prackenhütte / Prackenhütte,12/10/2018
VALLE AURINA/AHRNTAL,Bar Agip / Bar Agip,26/03/2018
VALLE AURINA/AHRNTAL,Brunnen Speicher,19/09/2018
VALLE AURINA/AHRNTAL,Casa di riposo S.Giovanni / Altersheim St.Johann,14/03/2018
VALLE AURINA/AHRNTAL,Fontana chiesa / Brunnen Kirche,08/07/2018
VALLE AURINA/AHRNTAL,Hotel Markus  /  Hotel Markus,04/09/2018
VALLE AURINA/AHRNTAL,Municipio / Rathaus,14/03/2018
VALLE AURINA/AHRNTAL,Privato/Privat,31/05/2018
VALLE DI CASIES/GSIES,Bar Graf / Bar Graf,23/05/2018
VALLE DI CASIES/GSIES,Binta / Binta,23/05/2018
VALLE DI CASIES/GSIES,Brunnen Rathaus  /  Brunnen Rathaus,23/05/2018
VALLE DI CASIES/GSIES,Fontana chiesa / Brunnen Kirche,23/05/2018
VALLE DI CASIES/GSIES,Hofkäserei Veidler  /  Hofkäserei Veidler,17/04/2018
VALLE DI CASIES/GSIES,Hotel Quelle / Hotel Quelle,20/11/2018
VALLE DI CASIES/GSIES,Hotel Stoll / Hotel Stoll,23/05/2018
VALLE DI CASIES/GSIES,Municipio / Rathaus,20/11/2018
VALLE DI CASIES/GSIES,Privato/Privat,23/05/2018
VANDOIES/VINTL,Albergo Brugger / Gasthof Brugger; WH WC,10/09/2018
VANDOIES/VINTL,Fontana pubblica davanti alla chiesa di Vandoies  /  Öff. Brunnen vor Kirche Vintl,09/10/2018
VANDOIES/VINTL,Privato/Privat,10/09/2018
VANDOIES/VINTL,Scuola elementare Frundres / Grundschule Pfunders,13/11/2018
VANDOIES/VINTL,Scuola elementare Vandoies / Grundschule Vintl,13/11/2018
VANDOIES/VINTL,Scuola elementare Vandoies / Grundschule Vintl - WH WC,14/03/2018
VANDOIES/VINTL,Scuola elementare Vandoies / Grundschule Vintl; WH WC,26/04/2018
VANDOIES/VINTL,Scuola elementare Vandoies di Sopra / Grundschule Obervintl,14/03/2018
VANDOIES/VINTL,Öff. Brunnen beim Friedhof  /  Öff. Brunnen beim Friedhof,26/04/2018
VARNA/VAHRN,"Albergo Fischerstube Untersee, Via Brennero 125 / Gasthof Fischerstube Untersee, Brennerstr. 125",18/04/2018
VARNA/VAHRN,Privato/Privat,18/09/2018
VARNA/VAHRN,"Scuola elementare Novacella, Via Abbazia 24 / Grundschule Neustift, Stiftstr. 24;  - WH WC",18/09/2018
VELTURNO/FELDTHURNS,"Albergo Klammwirt, Untrum 13 / Gasthof Klammwirt, Untrum 13",16/08/2018
VELTURNO/FELDTHURNS,"Albergo Klammwirt, Untrum 13 / Gasthof Klammwirt, Untrum 13 - WH Küche",06/07/2018
VELTURNO/FELDTHURNS,"Albergo Klammwirt, Untrum 13 / Gasthof Klammwirt, Untrum 13; WH vor Küche",13/09/2018
VELTURNO/FELDTHURNS,"Balglerhof, Untrum 15 / Balglerhof, Untrum 15; WH Garage",06/07/2018
VELTURNO/FELDTHURNS,Fontana pubblica Castello / Öffentlicher Brunnen am Schloss,16/10/2018
VELTURNO/FELDTHURNS,"Hotel Feldthurnerhof, Guln 1 / Hotel Feldthurnerhof, Guln  - WH Bar1",06/07/2018
VELTURNO/FELDTHURNS,Privato/Privat,19/04/2018
VERANO/VÖRAN,WC municipio / Gemeinde WC,13/03/2018
VERANO/VÖRAN,f.p. centro / Öffentlicher Brunnen Zentrum,17/10/2018
VILLABASSA/NIEDERDORF,Fontana / Brunnen,20/11/2018
VILLANDRO/VILLANDERS,"Albergo Sturmhof, S. Valentino 7 / Gasthof Sturmhof, St. Valentin 7; WH Bar",16/05/2018
VILLANDRO/VILLANDERS,"Auto Hofer, Bodenacker 1/Auto Hofer, Bodenacker 1",16/10/2018
VILLANDRO/VILLANDERS,"Auto Hofer, Bodenacker 1/Auto Hofer, Bodenacker 1; WH WC",14/03/2018
VILLANDRO/VILLANDERS,"Officina Auto Gasser, Kalchgrube 14 / Werkstatt Auto Gasser, Kalchgrube 14",14/03/2018
VILLANDRO/VILLANDERS,"Officina Auto Gasser, Kalchgrube 14 / Werkstatt Auto Gasser, Kalchgrube 14 - WH WC",16/10/2018
VILLANDRO/VILLANDERS,"Officina Auto Gasser, Kalchgrube 14 / Werkstatt Auto Gasser, Kalchgrube 14; 'WH WC",16/05/2018
VILLANDRO/VILLANDERS,"Officina Auto Gasser, Kalchgrube 14 / Werkstatt Auto Gasser, Kalchgrube 14; WH WC",08/06/2018
VILLANDRO/VILLANDERS,Privato/Privat,16/10/2018
VIPITENO/STERZING,"Balneum, öff. Schwimmbad; WH Bar",26/02/2018
VIPITENO/STERZING,Bergrestaurant Ross-Stadl / Bergrestaurant Ross-Stadl,07/11/2018
VIPITENO/STERZING,"Caserma Menini de Caroli / Caserma Menini de Caroli, WH Damen, Infermerie",17/09/2018
VIPITENO/STERZING,Fontana pubblica Tunes / Öffentlicher Brunnen Thuins,09/03/2018
VIPITENO/STERZING,"Fontana pubblica,Città Nuova / Öffentlicher Brunnen, Neustadt",29/03/2018
VIPITENO/STERZING,Privato/Privat,09/03/2018
