alias_address,alias_city,georeferencingString
CORSO DEGLI ALPINI,AGORDO,AGORDO CORSO DEGLI ALPINI
CORSO PATRIOTI,AGORDO,AGORDO CORSO PATRIOTI
FRAZIONE BRUGNACH,AGORDO,AGORDO FRAZIONE BRUGNACH
FRAZIONE COLVIGNAS,AGORDO,AGORDO FRAZIONE COLVIGNAS
FRAZIONE CROSTOLIN,AGORDO,AGORDO FRAZIONE CROSTOLIN
FRAZIONE FARENZENA,AGORDO,AGORDO FRAZIONE FARENZENA
FRAZIONE GIOVE,AGORDO,AGORDO FRAZIONE GIOVE
FRAZIONE PARECH,AGORDO,AGORDO FRAZIONE PARECH
FRAZIONE PIASENT,AGORDO,AGORDO FRAZIONE PIASENT
FRAZIONE RIF,AGORDO,AGORDO FRAZIONE RIF
FRAZIONE TOCCOL,AGORDO,AGORDO FRAZIONE TOCCOL
FRAZIONE VALCOZZENA,AGORDO,AGORDO FRAZIONE VALCOZZENA
FRAZIONE VERAN,AGORDO,AGORDO FRAZIONE VERAN
LOCALITA' CAMPON,AGORDO,AGORDO LOCALITA' CAMPON
LOCALITA' CAMPREGANA,AGORDO,AGORDO LOCALITA' CAMPREGANA
LOCALITA' CERAMASSE,AGORDO,AGORDO LOCALITA' CERAMASSE
LOCALITA' FAION,AGORDO,AGORDO LOCALITA' FAION
LOCALITA' FOCHE,AGORDO,AGORDO LOCALITA' FOCHE
LOCALITA' GRAVE,AGORDO,AGORDO LOCALITA' GRAVE
LOCALITA' MISSIAGA,AGORDO,AGORDO LOCALITA' MISSIAGA
LOCALITA' MOGN,AGORDO,AGORDO LOCALITA' MOGN
LOCALITA' MOLIN DEI COT,AGORDO,AGORDO LOCALITA' MOLIN DEI COT
LOCALITA' MOZZACH,AGORDO,AGORDO LOCALITA' MOZZACH
LOCALITA' NAGOL,AGORDO,AGORDO LOCALITA' NAGOL
LOCALITA' PAS,AGORDO,AGORDO LOCALITA' PAS
LOCALITA' PIANIZZE,AGORDO,AGORDO LOCALITA' PIANIZZE
LOCALITA' POLANE,AGORDO,AGORDO LOCALITA' POLANE
LOCALITA' PONTE ALTO,AGORDO,AGORDO LOCALITA' PONTE ALTO
LOCALITA' VAL DI FRELA,AGORDO,AGORDO LOCALITA' VAL DI FRELA
LOCALITA' VALCOZZENA,AGORDO,AGORDO LOCALITA' VALCOZZENA
CORSO ITALIA,ALLEGHE,ALLEGHE CORSO ITALIA
CORSO TRIESTE,ALLEGHE,ALLEGHE CORSO TRIESTE
CORSO VENETO,ALLEGHE,ALLEGHE CORSO VENETO
CORSO VENEZIA,ALLEGHE,ALLEGHE CORSO VENEZIA
PIAZZA J.F. KENNEDY,ALLEGHE,ALLEGHE PIAZZA J.F. KENNEDY
PIAZZA OTTAVIO DOGLIANI,ALLEGHE,ALLEGHE PIAZZA OTTAVIO DOGLIANI
PIAZZA VECCHIA,ALLEGHE,ALLEGHE PIAZZA VECCHIA
VIA A. DE GASPERI,ALLEGHE,ALLEGHE VIA A. DE GASPERI
VIA ANTONIO STOPPANI,ALLEGHE,ALLEGHE VIA ANTONIO STOPPANI
VIA BELVEDERE,ALLEGHE,ALLEGHE VIA BELVEDERE
VIA CASARIL,ALLEGHE,ALLEGHE VIA CASARIL
VIA COI,ALLEGHE,ALLEGHE VIA COI
VIA COL DI LANA,ALLEGHE,ALLEGHE VIA COL DI LANA
VIA COLDAI,ALLEGHE,ALLEGHE VIA COLDAI
VIA COLDEFONTANA,ALLEGHE,ALLEGHE VIA COLDEFONTANA
VIA COLDEMIES,ALLEGHE,ALLEGHE VIA COLDEMIES
VIA CORDELLA,ALLEGHE,ALLEGHE VIA CORDELLA
VIA DEGLI ALPINI,ALLEGHE,ALLEGHE VIA DEGLI ALPINI
VIA DEI PINI,ALLEGHE,ALLEGHE VIA DEI PINI
VIA DELLA PACE,ALLEGHE,ALLEGHE VIA DELLA PACE
VIA DELLE SCUOLE,ALLEGHE,ALLEGHE VIA DELLE SCUOLE
VIA EUROPA,ALLEGHE,ALLEGHE VIA EUROPA
VIA FERNAZZA,ALLEGHE,ALLEGHE VIA FERNAZZA
VIA G. CARDUCCI,ALLEGHE,ALLEGHE VIA G. CARDUCCI
VIA G. PASCOLI,ALLEGHE,ALLEGHE VIA G. PASCOLI
VIA LAGUSELLO,ALLEGHE,ALLEGHE VIA LAGUSELLO
VIA LUNGOLAGO,ALLEGHE,ALLEGHE VIA LUNGOLAGO
VIA MARMOLADA,ALLEGHE,ALLEGHE VIA MARMOLADA
VIA MONTE CIVETTA,ALLEGHE,ALLEGHE VIA MONTE CIVETTA
VIA MONTE FERTAZZA,ALLEGHE,ALLEGHE VIA MONTE FERTAZZA
BORGO S. NICOLO' - GARNA,ALPAGO,ALPAGO BORGO S. NICOLO' - GARNA
CORSO ALPINO,ALPAGO,ALPAGO CORSO ALPINO
FRAZIONE BASTIA,ALPAGO,ALPAGO FRAZIONE BASTIA
FRAZIONE S.CROCE,ALPAGO,ALPAGO FRAZIONE S.CROCE
FRAZIONE S.CROCE - LASTRA,ALPAGO,ALPAGO FRAZIONE S.CROCE - LASTRA
FRAZIONE SPERT,ALPAGO,ALPAGO FRAZIONE SPERT
FRAZIONE TORCH,ALPAGO,ALPAGO FRAZIONE TORCH
FRAZIONE TORRES,ALPAGO,ALPAGO FRAZIONE TORRES
FRAZIONE VALZELLA,ALPAGO,ALPAGO FRAZIONE VALZELLA
LOCALITA' BASSAN,ALPAGO,ALPAGO LOCALITA' BASSAN
LOCALITA' BERNARDET,ALPAGO,ALPAGO LOCALITA' BERNARDET
LOCALITA' BORGA,ALPAGO,ALPAGO LOCALITA' BORGA
LOCALITA' BUTAZ,ALPAGO,ALPAGO LOCALITA' BUTAZ
LOCALITA' CAMPON,ALPAGO,ALPAGO LOCALITA' CAMPON
LOCALITA' CAROTA - PLOIS,ALPAGO,ALPAGO LOCALITA' CAROTA - PLOIS
LOCALITA' COL DE VI,ALPAGO,ALPAGO LOCALITA' COL DE VI
LOCALITA' CORDELE,ALPAGO,ALPAGO LOCALITA' CORDELE
LOCALITA' COSSOTAI,ALPAGO,ALPAGO LOCALITA' COSSOTAI
LOCALITA' COSTELLA,ALPAGO,ALPAGO LOCALITA' COSTELLA
LOCALITA' FALISETTA,ALPAGO,ALPAGO LOCALITA' FALISETTA
LOCALITA' FONTANA,ALPAGO,ALPAGO LOCALITA' FONTANA
LOCALITA' FOSSA,ALPAGO,ALPAGO LOCALITA' FOSSA
LOCALITA' GNOLA,ALPAGO,ALPAGO LOCALITA' GNOLA
LOCALITA' I MAS,ALPAGO,ALPAGO LOCALITA' I MAS
LOCALITA' LA RIVA,ALPAGO,ALPAGO LOCALITA' LA RIVA
LOCALITA' LA STORTA,ALPAGO,ALPAGO LOCALITA' LA STORTA
LOCALITA' LONGARAZZA,ALPAGO,ALPAGO LOCALITA' LONGARAZZA
LOCALITA' MALOLT,ALPAGO,ALPAGO LOCALITA' MALOLT
LOCALITA' MEDELE,ALPAGO,ALPAGO LOCALITA' MEDELE
LOCALITA' MONTAGNA,ALPAGO,ALPAGO LOCALITA' MONTAGNA
BORGO SAN GIUSTO,ARSIE',ARSIE' BORGO SAN GIUSTO
BORGO SAN LORENZO,ARSIE',ARSIE' BORGO SAN LORENZO
LOC. FORNACI-MELLAME,ARSIE',ARSIE' LOC. FORNACI-MELLAME
LOCALITA' COL PERER,ARSIE',ARSIE' LOCALITA' COL PERER
LOCALITA' GAJOLE,ARSIE',ARSIE' LOCALITA' GAJOLE
PIAZZA CESCATO,ARSIE',ARSIE' PIAZZA CESCATO
PIAZZA G. MARCONI,ARSIE',ARSIE' PIAZZA G. MARCONI
PIAZZA MARTIRI,ARSIE',ARSIE' PIAZZA MARTIRI
PIAZZA S. MARCO,ARSIE',ARSIE' PIAZZA S. MARCO
PIAZZA SAN ANTONIO,ARSIE',ARSIE' PIAZZA SAN ANTONIO
PIAZZA SAN MARTINO,ARSIE',ARSIE' PIAZZA SAN MARTINO
PIAZZA SAN VITO,ARSIE',ARSIE' PIAZZA SAN VITO
PIAZZETTA D. ORSI,ARSIE',ARSIE' PIAZZETTA D. ORSI
VIA A. DIAZ,ARSIE',ARSIE' VIA A. DIAZ
VIA A. MANZONI,ARSIE',ARSIE' VIA A. MANZONI
VIA ANGELO ARBOIT,ARSIE',ARSIE' VIA ANGELO ARBOIT
VIA ANGOA,ARSIE',ARSIE' VIA ANGOA
VIA BARBARIGO,ARSIE',ARSIE' VIA BARBARIGO
VIA BELVEDERE,ARSIE',ARSIE' VIA BELVEDERE
VIA BERNARDI,ARSIE',ARSIE' VIA BERNARDI
VIA BORGOFORTE,ARSIE',ARSIE' VIA BORGOFORTE
VIA CADORNA,ARSIE',ARSIE' VIA CADORNA
VIA CAMPAGNA,ARSIE',ARSIE' VIA CAMPAGNA
VIA CANEVAL,ARSIE',ARSIE' VIA CANEVAL
VIA CANOVA,ARSIE',ARSIE' VIA CANOVA
VIA CARAZZAGNO,ARSIE',ARSIE' VIA CARAZZAGNO
VIA CASERE,ARSIE',ARSIE' VIA CASERE
VIA CASTELLIR,ARSIE',ARSIE' VIA CASTELLIR
VIA CAVOUR,ARSIE',ARSIE' VIA CAVOUR
VIA CESARE BATTISTI,ARSIE',ARSIE' VIA CESARE BATTISTI
BORGO RIO MURI,AURONZO DI CADORE,AURONZO DI CADORE BORGO RIO MURI
BORGO ZANDEGIACOMO,AURONZO DI CADORE,AURONZO DI CADORE BORGO ZANDEGIACOMO
LARGO TARIN,AURONZO DI CADORE,AURONZO DI CADORE LARGO TARIN
LOCALITA' LA BOA,AURONZO DI CADORE,AURONZO DI CADORE LOCALITA' LA BOA
LOCALITA' PALUS S. MARCO,AURONZO DI CADORE,AURONZO DI CADORE LOCALITA' PALUS S. MARCO
LOCALITA' POSPIZZA,AURONZO DI CADORE,AURONZO DI CADORE LOCALITA' POSPIZZA
LOCALITA' STABIZIANE,AURONZO DI CADORE,AURONZO DI CADORE LOCALITA' STABIZIANE
LOCALITA' TORNEDE,AURONZO DI CADORE,AURONZO DI CADORE LOCALITA' TORNEDE
PIAZZA REGINA PACIS,AURONZO DI CADORE,AURONZO DI CADORE PIAZZA REGINA PACIS
PIAZZA RIZZARDI,AURONZO DI CADORE,AURONZO DI CADORE PIAZZA RIZZARDI
PIAZZA SAN LUCANO,AURONZO DI CADORE,AURONZO DI CADORE PIAZZA SAN LUCANO
PIAZZA SANTA GIUSTINA,AURONZO DI CADORE,AURONZO DI CADORE PIAZZA SANTA GIUSTINA
PIAZZA VIGO,AURONZO DI CADORE,AURONZO DI CADORE PIAZZA VIGO
PIAZZALE IV NOVEMBRE,AURONZO DI CADORE,AURONZO DI CADORE PIAZZALE IV NOVEMBRE
PIAZZALE OSTERRA,AURONZO DI CADORE,AURONZO DI CADORE PIAZZALE OSTERRA
VIA AIARNOLA,AURONZO DI CADORE,AURONZO DI CADORE VIA AIARNOLA
VIA ALPINI,AURONZO DI CADORE,AURONZO DI CADORE VIA ALPINI
VIA AMBATA,AURONZO DI CADORE,AURONZO DI CADORE VIA AMBATA
VIA ANSIEI,AURONZO DI CADORE,AURONZO DI CADORE VIA ANSIEI
VIA ANTONIO BERTI,AURONZO DI CADORE,AURONZO DI CADORE VIA ANTONIO BERTI
VIA CELLA,AURONZO DI CADORE,AURONZO DI CADORE VIA CELLA
VIA CIASTEL,AURONZO DI CADORE,AURONZO DI CADORE VIA CIASTEL
VIA CIMA GOGNA,AURONZO DI CADORE,AURONZO DI CADORE VIA CIMA GOGNA
VIA COLLESIEI,AURONZO DI CADORE,AURONZO DI CADORE VIA COLLESIEI
VIA CORTE,AURONZO DI CADORE,AURONZO DI CADORE VIA CORTE
VIA DANTE,AURONZO DI CADORE,AURONZO DI CADORE VIA DANTE
VIA DE FILIPPO,AURONZO DI CADORE,AURONZO DI CADORE VIA DE FILIPPO
VIA DELLA GROTTA,AURONZO DI CADORE,AURONZO DI CADORE VIA DELLA GROTTA
VIA DELLA VELMA,AURONZO DI CADORE,AURONZO DI CADORE VIA DELLA VELMA
VIA DELL'ANGELO,AURONZO DI CADORE,AURONZO DI CADORE VIA DELL'ANGELO
LOCALITA' ANDREANE,BELLUNO,BELLUNO LOCALITA' ANDREANE
LOCALITA' PONTE DOLOMITI,BELLUNO,BELLUNO LOCALITA' PONTE DOLOMITI
PIAZZA A. DE LUCA,BELLUNO,BELLUNO PIAZZA A. DE LUCA
PIAZZA CASTELLO,BELLUNO,BELLUNO PIAZZA CASTELLO
PIAZZA DEI MARTIRI,BELLUNO,BELLUNO PIAZZA DEI MARTIRI
PIAZZA DUOMO,BELLUNO,BELLUNO PIAZZA DUOMO
PIAZZA FONTANA OGOL,BELLUNO,BELLUNO PIAZZA FONTANA OGOL
PIAZZA G. MAZZINI,BELLUNO,BELLUNO PIAZZA G. MAZZINI
PIAZZA G. PILONI,BELLUNO,BELLUNO PIAZZA G. PILONI
PIAZZA L. LOLLINO,BELLUNO,BELLUNO PIAZZA L. LOLLINO
PIAZZA MERCATO,BELLUNO,BELLUNO PIAZZA MERCATO
PIAZZA OLTRARDO,BELLUNO,BELLUNO PIAZZA OLTRARDO
PIAZZA S.LUCANO BORGO PRA,BELLUNO,BELLUNO PIAZZA S.LUCANO BORGO PRA
PIAZZA SAN GIOVANNI BOSCO,BELLUNO,BELLUNO PIAZZA SAN GIOVANNI BOSCO
PIAZZA SANTO STEFANO,BELLUNO,BELLUNO PIAZZA SANTO STEFANO
PIAZZA VITTIME VIA FANI,BELLUNO,BELLUNO PIAZZA VITTIME VIA FANI
PIAZZA VITTORIO EMANUELE,BELLUNO,BELLUNO PIAZZA VITTORIO EMANUELE
PIAZZALE C. BATTISTI,BELLUNO,BELLUNO PIAZZALE C. BATTISTI
PIAZZALE DELLA STAZIONE,BELLUNO,BELLUNO PIAZZALE DELLA STAZIONE
PIAZZALE G.MARCONI,BELLUNO,BELLUNO PIAZZALE G.MARCONI
PIAZZALE NEVEGAL,BELLUNO,BELLUNO PIAZZALE NEVEGAL
PIAZZALE RESISTENZA,BELLUNO,BELLUNO PIAZZALE RESISTENZA
PIAZZALE STAZIONE,BELLUNO,BELLUNO PIAZZALE STAZIONE
PIAZZALE VITTIME DELLE FOIBE,BELLUNO,BELLUNO PIAZZALE VITTIME DELLE FOIBE
PIAZZETTA SAN LUCANO,BELLUNO,BELLUNO PIAZZETTA SAN LUCANO
PIAZZETTA SANTO STEFANO,BELLUNO,BELLUNO PIAZZETTA SANTO STEFANO
VIA 10 MARZO 1945,BELLUNO,BELLUNO VIA 10 MARZO 1945
VIA A. ALPAGO,BELLUNO,BELLUNO VIA A. ALPAGO
VIA A. BETTIO,BELLUNO,BELLUNO VIA A. BETTIO
VIA A. BOITO,BELLUNO,BELLUNO VIA A. BOITO
FRAZIONE CORTE DI CADORE,BORCA DI CADORE,BORCA DI CADORE FRAZIONE CORTE DI CADORE
VIA ANTELAO,BORCA DI CADORE,BORCA DI CADORE VIA ANTELAO
VIA CAVOUR,BORCA DI CADORE,BORCA DI CADORE VIA CAVOUR
VIA CROERA,BORCA DI CADORE,BORCA DI CADORE VIA CROERA
VIA DEL CRISTO,BORCA DI CADORE,BORCA DI CADORE VIA DEL CRISTO
VIA DELLA CHIESA,BORCA DI CADORE,BORCA DI CADORE VIA DELLA CHIESA
VIA DON CARLO DE LUCA,BORCA DI CADORE,BORCA DI CADORE VIA DON CARLO DE LUCA
VIA DON GIOVANNI DE LUCA,BORCA DI CADORE,BORCA DI CADORE VIA DON GIOVANNI DE LUCA
VIA DON NATALE TALAMINI,BORCA DI CADORE,BORCA DI CADORE VIA DON NATALE TALAMINI
VIA DON OSVALDO VARETTON,BORCA DI CADORE,BORCA DI CADORE VIA DON OSVALDO VARETTON
VIA ENRICO MATTEI,BORCA DI CADORE,BORCA DI CADORE VIA ENRICO MATTEI
VIA FERRANDINA,BORCA DI CADORE,BORCA DI CADORE VIA FERRANDINA
VIA FRATE TOMMASO DE LUCA,BORCA DI CADORE,BORCA DI CADORE VIA FRATE TOMMASO DE LUCA
VIA FUSINELES,BORCA DI CADORE,BORCA DI CADORE VIA FUSINELES
VIA GIOVANNA ZANGRANDI,BORCA DI CADORE,BORCA DI CADORE VIA GIOVANNA ZANGRANDI
VIA GIUSEPPE GARIBALDI,BORCA DI CADORE,BORCA DI CADORE VIA GIUSEPPE GARIBALDI
VIA GIUSEPPE MAZZINI,BORCA DI CADORE,BORCA DI CADORE VIA GIUSEPPE MAZZINI
VIA LA VARES,BORCA DI CADORE,BORCA DI CADORE VIA LA VARES
VIA MARCONI,BORCA DI CADORE,BORCA DI CADORE VIA MARCONI
VIA METANOPOLI,BORCA DI CADORE,BORCA DI CADORE VIA METANOPOLI
VIA OLIVO SALA - VILLANOVA,BORCA DI CADORE,BORCA DI CADORE VIA OLIVO SALA - VILLANOVA
VIA P.F. CALVI,BORCA DI CADORE,BORCA DI CADORE VIA P.F. CALVI
VIA PARABELUN,BORCA DI CADORE,BORCA DI CADORE VIA PARABELUN
VIA PEZES,BORCA DI CADORE,BORCA DI CADORE VIA PEZES
VIA RIVA DEL PONTE,BORCA DI CADORE,BORCA DI CADORE VIA RIVA DEL PONTE
VIA ROMA,BORCA DI CADORE,BORCA DI CADORE VIA ROMA
VIA S. ROCCO,BORCA DI CADORE,BORCA DI CADORE VIA S. ROCCO
VIA SALIETO,BORCA DI CADORE,BORCA DI CADORE VIA SALIETO
VIA T. VECELLIO,BORCA DI CADORE,BORCA DI CADORE VIA T. VECELLIO
VIA TAULEN MARCEANA,BORCA DI CADORE,BORCA DI CADORE VIA TAULEN MARCEANA
LOCALITA' ETOLA,CALALZO DI CADORE,CALALZO DI CADORE LOCALITA' ETOLA
LOCALITA' LA BELLA,CALALZO DI CADORE,CALALZO DI CADORE LOCALITA' LA BELLA
LOCALITA' PIAN DE STUFFO,CALALZO DI CADORE,CALALZO DI CADORE LOCALITA' PIAN DE STUFFO
LOCALITA' PRACIADELAN,CALALZO DI CADORE,CALALZO DI CADORE LOCALITA' PRACIADELAN
LOCALITA' S.FRANCESCO D'ORSINA,CALALZO DI CADORE,CALALZO DI CADORE LOCALITA' S.FRANCESCO D'ORSINA
LOCALITA' STRAPIEDO,CALALZO DI CADORE,CALALZO DI CADORE LOCALITA' STRAPIEDO
LOCALITA' TAUNIA,CALALZO DI CADORE,CALALZO DI CADORE LOCALITA' TAUNIA
LOCALITA' TRASAGHE,CALALZO DI CADORE,CALALZO DI CADORE LOCALITA' TRASAGHE
LOCALITA' TUORO,CALALZO DI CADORE,CALALZO DI CADORE LOCALITA' TUORO
PIAZZA IV NOVEMBRE,CALALZO DI CADORE,CALALZO DI CADORE PIAZZA IV NOVEMBRE
VIA A. FRESCURA,CALALZO DI CADORE,CALALZO DI CADORE VIA A. FRESCURA
VIA ANTELAO,CALALZO DI CADORE,CALALZO DI CADORE VIA ANTELAO
VIA B. TOFFOLI,CALALZO DI CADORE,CALALZO DI CADORE VIA B. TOFFOLI
VIA C. A. DALLA CHIESA,CALALZO DI CADORE,CALALZO DI CADORE VIA C. A. DALLA CHIESA
VIA C. FANTON,CALALZO DI CADORE,CALALZO DI CADORE VIA C. FANTON
VIA CADARIA,CALALZO DI CADORE,CALALZO DI CADORE VIA CADARIA
VIA D. ALIGHIERI,CALALZO DI CADORE,CALALZO DI CADORE VIA D. ALIGHIERI
VIA E. BONAZZOLA,CALALZO DI CADORE,CALALZO DI CADORE VIA E. BONAZZOLA
VIA E. TOFFOLI,CALALZO DI CADORE,CALALZO DI CADORE VIA E. TOFFOLI
VIA FIORI,CALALZO DI CADORE,CALALZO DI CADORE VIA FIORI
VIA G. CARDUCCI,CALALZO DI CADORE,CALALZO DI CADORE VIA G. CARDUCCI
VIA G. DE STEFANI,CALALZO DI CADORE,CALALZO DI CADORE VIA G. DE STEFANI
VIA G. GIACOMELLI,CALALZO DI CADORE,CALALZO DI CADORE VIA G. GIACOMELLI
VIA G. LEOPARDI,CALALZO DI CADORE,CALALZO DI CADORE VIA G. LEOPARDI
VIA G. MAZZINI,CALALZO DI CADORE,CALALZO DI CADORE VIA G. MAZZINI
VIA GIOVANNI XXIII,CALALZO DI CADORE,CALALZO DI CADORE VIA GIOVANNI XXIII
VIA LAGOLE,CALALZO DI CADORE,CALALZO DI CADORE VIA LAGOLE
VIA LIGURIA,CALALZO DI CADORE,CALALZO DI CADORE VIA LIGURIA
VIA MARMAROLE,CALALZO DI CADORE,CALALZO DI CADORE VIA MARMAROLE
VIA MOLINA',CALALZO DI CADORE,CALALZO DI CADORE VIA MOLINA'
FRAZIONE FEDER,CANALE D'AGORDO,CANALE D'AGORDO FRAZIONE FEDER
FRAZIONE FREGONA,CANALE D'AGORDO,CANALE D'AGORDO FRAZIONE FREGONA
LOCALITA' CAMPION,CANALE D'AGORDO,CANALE D'AGORDO LOCALITA' CAMPION
LOCALITA' CARFON,CANALE D'AGORDO,CANALE D'AGORDO LOCALITA' CARFON
LOCALITA' CASATE,CANALE D'AGORDO,CANALE D'AGORDO LOCALITA' CASATE
LOCALITA' COLMEAN,CANALE D'AGORDO,CANALE D'AGORDO LOCALITA' COLMEAN
LOCALITA' GARES,CANALE D'AGORDO,CANALE D'AGORDO LOCALITA' GARES
LOCALITA' LA MORA,CANALE D'AGORDO,CANALE D'AGORDO LOCALITA' LA MORA
LOCALITA' LA SOTTA,CANALE D'AGORDO,CANALE D'AGORDO LOCALITA' LA SOTTA
LOCALITA' LAGAZZON,CANALE D'AGORDO,CANALE D'AGORDO LOCALITA' LAGAZZON
LOCALITA' PIAN DE GIARE,CANALE D'AGORDO,CANALE D'AGORDO LOCALITA' PIAN DE GIARE
LOCALITA' PISOLIVA,CANALE D'AGORDO,CANALE D'AGORDO LOCALITA' PISOLIVA
LOCALITA' TEGOSA,CANALE D'AGORDO,CANALE D'AGORDO LOCALITA' TEGOSA
LOCALITA' VAL,CANALE D'AGORDO,CANALE D'AGORDO LOCALITA' VAL
PIAZZA PAPA LUCIANI,CANALE D'AGORDO,CANALE D'AGORDO PIAZZA PAPA LUCIANI
VIA 20 AGOSTO,CANALE D'AGORDO,CANALE D'AGORDO VIA 20 AGOSTO
VIA AL FORN,CANALE D'AGORDO,CANALE D'AGORDO VIA AL FORN
VIA CAVALLERA,CANALE D'AGORDO,CANALE D'AGORDO VIA CAVALLERA
VIA FREGONA,CANALE D'AGORDO,CANALE D'AGORDO VIA FREGONA
VIA GIUSEPPE XAIZ,CANALE D'AGORDO,CANALE D'AGORDO VIA GIUSEPPE XAIZ
VIA LOTTA,CANALE D'AGORDO,CANALE D'AGORDO VIA LOTTA
VIA MEZZAVILLA,CANALE D'AGORDO,CANALE D'AGORDO VIA MEZZAVILLA
VIA MONSIGNOR A. BRAMEZZA,CANALE D'AGORDO,CANALE D'AGORDO VIA MONSIGNOR A. BRAMEZZA
VIA PAVIER-FRAZ.FEDER,CANALE D'AGORDO,CANALE D'AGORDO VIA PAVIER-FRAZ.FEDER
VIA PRADE,CANALE D'AGORDO,CANALE D'AGORDO VIA PRADE
VIA RIVIDELLA,CANALE D'AGORDO,CANALE D'AGORDO VIA RIVIDELLA
VIA ROMA,CANALE D'AGORDO,CANALE D'AGORDO VIA ROMA
VIA SOFRAIDE,CANALE D'AGORDO,CANALE D'AGORDO VIA SOFRAIDE
VIA SOIA,CANALE D'AGORDO,CANALE D'AGORDO VIA SOIA
VIA SOMMAVILLA,CANALE D'AGORDO,CANALE D'AGORDO VIA SOMMAVILLA
LOCALITA' CALCHERE,CENCENIGHE AGORDINO,CENCENIGHE AGORDINO LOCALITA' CALCHERE
LOCALITA' CHIOIT,CENCENIGHE AGORDINO,CENCENIGHE AGORDINO LOCALITA' CHIOIT
LOCALITA' I LARES,CENCENIGHE AGORDINO,CENCENIGHE AGORDINO LOCALITA' I LARES
PIAZZA IV NOVEMBRE,CENCENIGHE AGORDINO,CENCENIGHE AGORDINO PIAZZA IV NOVEMBRE
PIAZZA PICCOLA,CENCENIGHE AGORDINO,CENCENIGHE AGORDINO PIAZZA PICCOLA
PIAZZA VECCHIA,CENCENIGHE AGORDINO,CENCENIGHE AGORDINO PIAZZA VECCHIA
STATALE AGORDINA 203,CENCENIGHE AGORDINO,CENCENIGHE AGORDINO STATALE AGORDINA 203
VIA ATTILIO TISSI,CENCENIGHE AGORDINO,CENCENIGHE AGORDINO VIA ATTILIO TISSI
VIA BALESTIER,CENCENIGHE AGORDINO,CENCENIGHE AGORDINO VIA BALESTIER
VIA BASTIANI,CENCENIGHE AGORDINO,CENCENIGHE AGORDINO VIA BASTIANI
VIA BOGO,CENCENIGHE AGORDINO,CENCENIGHE AGORDINO VIA BOGO
VIA CAMPO,CENCENIGHE AGORDINO,CENCENIGHE AGORDINO VIA CAMPO
VIA CAVARZAN,CENCENIGHE AGORDINO,CENCENIGHE AGORDINO VIA CAVARZAN
VIA CHENET,CENCENIGHE AGORDINO,CENCENIGHE AGORDINO VIA CHENET
VIA CHIOIPE,CENCENIGHE AGORDINO,CENCENIGHE AGORDINO VIA CHIOIPE
VIA COI,CENCENIGHE AGORDINO,CENCENIGHE AGORDINO VIA COI
VIA COLESIN,CENCENIGHE AGORDINO,CENCENIGHE AGORDINO VIA COLESIN
VIA COLLAZ,CENCENIGHE AGORDINO,CENCENIGHE AGORDINO VIA COLLAZ
VIA DANTE ALIGHIERI,CENCENIGHE AGORDINO,CENCENIGHE AGORDINO VIA DANTE ALIGHIERI
VIA FOCH,CENCENIGHE AGORDINO,CENCENIGHE AGORDINO VIA FOCH
VIA GHIRLO,CENCENIGHE AGORDINO,CENCENIGHE AGORDINO VIA GHIRLO
VIA GIORDANO SOPPELSA,CENCENIGHE AGORDINO,CENCENIGHE AGORDINO VIA GIORDANO SOPPELSA
VIA GIOVANNI DE BIASIO,CENCENIGHE AGORDINO,CENCENIGHE AGORDINO VIA GIOVANNI DE BIASIO
VIA ISIDORO SOPPELSA,CENCENIGHE AGORDINO,CENCENIGHE AGORDINO VIA ISIDORO SOPPELSA
VIA LORENZON,CENCENIGHE AGORDINO,CENCENIGHE AGORDINO VIA LORENZON
VIA MARIO DE BIASIO,CENCENIGHE AGORDINO,CENCENIGHE AGORDINO VIA MARIO DE BIASIO
VIA MARTIN,CENCENIGHE AGORDINO,CENCENIGHE AGORDINO VIA MARTIN
VIA MARTINAZZE,CENCENIGHE AGORDINO,CENCENIGHE AGORDINO VIA MARTINAZZE
VIA MORBIACH,CENCENIGHE AGORDINO,CENCENIGHE AGORDINO VIA MORBIACH
VIA PENNSYLVANIA,CENCENIGHE AGORDINO,CENCENIGHE AGORDINO VIA PENNSYLVANIA
BORGATA DE LAZZER-BUSCHE,CESIOMAGGIORE,CESIOMAGGIORE BORGATA DE LAZZER-BUSCHE
P.ZZA A.FERRARI,CESIOMAGGIORE,CESIOMAGGIORE P.ZZA A.FERRARI
P.ZZA COMMERCIO,CESIOMAGGIORE,CESIOMAGGIORE P.ZZA COMMERCIO
P.ZZA MERCATO,CESIOMAGGIORE,CESIOMAGGIORE P.ZZA MERCATO
P.ZZA S.LIBERALE-MARSIAI,CESIOMAGGIORE,CESIOMAGGIORE P.ZZA S.LIBERALE-MARSIAI
PIAZZA ARATIBA,CESIOMAGGIORE,CESIOMAGGIORE PIAZZA ARATIBA
VIA ANZAVEN,CESIOMAGGIORE,CESIOMAGGIORE VIA ANZAVEN
VIA AVE,CESIOMAGGIORE,CESIOMAGGIORE VIA AVE
VIA BATTAGLION SPLUGA,CESIOMAGGIORE,CESIOMAGGIORE VIA BATTAGLION SPLUGA
VIA BORDUGO,CESIOMAGGIORE,CESIOMAGGIORE VIA BORDUGO
VIA BORGATA SLONGO,CESIOMAGGIORE,CESIOMAGGIORE VIA BORGATA SLONGO
VIA BOSCHI DI PEZ,CESIOMAGGIORE,CESIOMAGGIORE VIA BOSCHI DI PEZ
VIA BOSCON,CESIOMAGGIORE,CESIOMAGGIORE VIA BOSCON
VIA BOSIL,CESIOMAGGIORE,CESIOMAGGIORE VIA BOSIL
VIA BOSSANA,CESIOMAGGIORE,CESIOMAGGIORE VIA BOSSANA
VIA BUSA,CESIOMAGGIORE,CESIOMAGGIORE VIA BUSA
VIA BUSCHE,CESIOMAGGIORE,CESIOMAGGIORE VIA BUSCHE
VIA BUSETTE DI FIANEMA,CESIOMAGGIORE,CESIOMAGGIORE VIA BUSETTE DI FIANEMA
VIA BUSETTE DI PULLIR,CESIOMAGGIORE,CESIOMAGGIORE VIA BUSETTE DI PULLIR
VIA CALDRERIE,CESIOMAGGIORE,CESIOMAGGIORE VIA CALDRERIE
VIA CALLIOL,CESIOMAGGIORE,CESIOMAGGIORE VIA CALLIOL
VIA CALSOTA-MARSIAI,CESIOMAGGIORE,CESIOMAGGIORE VIA CALSOTA-MARSIAI
VIA CAMPAGNA,CESIOMAGGIORE,CESIOMAGGIORE VIA CAMPAGNA
VIA CAMPEDEI,CESIOMAGGIORE,CESIOMAGGIORE VIA CAMPEDEI
VIA CAMPO ALTO-BUSCHE,CESIOMAGGIORE,CESIOMAGGIORE VIA CAMPO ALTO-BUSCHE
VIA CAMPO BASSO-BUSCHE,CESIOMAGGIORE,CESIOMAGGIORE VIA CAMPO BASSO-BUSCHE
VIA CAN,CESIOMAGGIORE,CESIOMAGGIORE VIA CAN
VIA CANESEL,CESIOMAGGIORE,CESIOMAGGIORE VIA CANESEL
VIA CAPITEL,CESIOMAGGIORE,CESIOMAGGIORE VIA CAPITEL
VIA CASETTE,CESIOMAGGIORE,CESIOMAGGIORE VIA CASETTE
BORGO CAMILLO CAVOUR,CHIES D'ALPAGO,CHIES D'ALPAGO BORGO CAMILLO CAVOUR
BORGO GIUSEPPE GARIBALDI,CHIES D'ALPAGO,CHIES D'ALPAGO BORGO GIUSEPPE GARIBALDI
BORGO SAN GIORGIO,CHIES D'ALPAGO,CHIES D'ALPAGO BORGO SAN GIORGIO
BROI - FR. IRRIGHE,CHIES D'ALPAGO,CHIES D'ALPAGO BROI - FR. IRRIGHE
CADOL - FR. IRRIGHE,CHIES D'ALPAGO,CHIES D'ALPAGO CADOL - FR. IRRIGHE
CALCHERA - FR. FUNES,CHIES D'ALPAGO,CHIES D'ALPAGO CALCHERA - FR. FUNES
CIMA RIVE - FR. CHIES,CHIES D'ALPAGO,CHIES D'ALPAGO CIMA RIVE - FR. CHIES
COL DI SERRE - FR. FUNES,CHIES D'ALPAGO,CHIES D'ALPAGO COL DI SERRE - FR. FUNES
COL PIAN/STONA - FR.MONT,CHIES D'ALPAGO,CHIES D'ALPAGO COL PIAN/STONA - FR.MONT
COMUN-CHIES-MOLINI,CHIES D'ALPAGO,CHIES D'ALPAGO COMUN-CHIES-MOLINI
CORSO ITALIA,CHIES D'ALPAGO,CHIES D'ALPAGO CORSO ITALIA
FORA SAN MARTIN,CHIES D'ALPAGO,CHIES D'ALPAGO FORA SAN MARTIN
IN PRA' - FR. CHIES,CHIES D'ALPAGO,CHIES D'ALPAGO IN PRA' - FR. CHIES
LE BUSE S.D.,CHIES D'ALPAGO,CHIES D'ALPAGO LE BUSE S.D.
LOCALITA' CAMPIDIEI S.D.,CHIES D'ALPAGO,CHIES D'ALPAGO LOCALITA' CAMPIDIEI S.D.
LOCALITA' CANEI S.D.,CHIES D'ALPAGO,CHIES D'ALPAGO LOCALITA' CANEI S.D.
LOCALITA' CAOTES,CHIES D'ALPAGO,CHIES D'ALPAGO LOCALITA' CAOTES
LOCALITA' CIAFFA S.D.,CHIES D'ALPAGO,CHIES D'ALPAGO LOCALITA' CIAFFA S.D.
LOCALITA' COSTA S.D.,CHIES D'ALPAGO,CHIES D'ALPAGO LOCALITA' COSTA S.D.
LOCALITA' COSTELE S.D.,CHIES D'ALPAGO,CHIES D'ALPAGO LOCALITA' COSTELE S.D.
LOCALITA' CREPOLA',CHIES D'ALPAGO,CHIES D'ALPAGO LOCALITA' CREPOLA'
LOCALITA' DOLZOI S.D.,CHIES D'ALPAGO,CHIES D'ALPAGO LOCALITA' DOLZOI S.D.
LOCALITA' DUPPIAI-MONT-PRIVATO,CHIES D'ALPAGO,CHIES D'ALPAGO LOCALITA' DUPPIAI-MONT-PRIVATO
LOCALITA' FALISETTA,CHIES D'ALPAGO,CHIES D'ALPAGO LOCALITA' FALISETTA
LOCALITA' MALON - FR. MONT,CHIES D'ALPAGO,CHIES D'ALPAGO LOCALITA' MALON - FR. MONT
LOCALITA' MARIANNE S.D.,CHIES D'ALPAGO,CHIES D'ALPAGO LOCALITA' MARIANNE S.D.
LOCALITA' PESCOLTRE - FR.MONT,CHIES D'ALPAGO,CHIES D'ALPAGO LOCALITA' PESCOLTRE - FR.MONT
LOCALITA' PIAI S.D.,CHIES D'ALPAGO,CHIES D'ALPAGO LOCALITA' PIAI S.D.
LOCALITA' SCIAMATON - FR. MONT,CHIES D'ALPAGO,CHIES D'ALPAGO LOCALITA' SCIAMATON - FR. MONT
LOCALITA' SOCCOR,CHIES D'ALPAGO,CHIES D'ALPAGO LOCALITA' SOCCOR
LOC.PALU' DEI CAVAI-CORNIGIAN,CIBIANA DI CADORE,CIBIANA DI CADORE LOC.PALU' DEI CAVAI-CORNIGIAN
VIA CIBIANA DI SOTTO,CIBIANA DI CADORE,CIBIANA DI CADORE VIA CIBIANA DI SOTTO
VIA MASARIE',CIBIANA DI CADORE,CIBIANA DI CADORE VIA MASARIE'
LOCALITA' SOPPAUSE,COLLE SANTA LUCIA,COLLE SANTA LUCIA LOCALITA' SOPPAUSE
VIA BELVEDERE,COLLE SANTA LUCIA,COLLE SANTA LUCIA VIA BELVEDERE
VIA CANAZEI,COLLE SANTA LUCIA,COLLE SANTA LUCIA VIA CANAZEI
VIA CODALONGA,COLLE SANTA LUCIA,COLLE SANTA LUCIA VIA CODALONGA
VIA COLCUC,COLLE SANTA LUCIA,COLLE SANTA LUCIA VIA COLCUC
VIA COLTORONT,COLLE SANTA LUCIA,COLLE SANTA LUCIA VIA COLTORONT
VIA COSTA,COLLE SANTA LUCIA,COLLE SANTA LUCIA VIA COSTA
VIA COSTALTA,COLLE SANTA LUCIA,COLLE SANTA LUCIA VIA COSTALTA
VIA FOSSAL,COLLE SANTA LUCIA,COLLE SANTA LUCIA VIA FOSSAL
VIA FURSIL,COLLE SANTA LUCIA,COLLE SANTA LUCIA VIA FURSIL
VIA PALLUA,COLLE SANTA LUCIA,COLLE SANTA LUCIA VIA PALLUA
VIA PASSO GIAU,COLLE SANTA LUCIA,COLLE SANTA LUCIA VIA PASSO GIAU
VIA PAVIA,COLLE SANTA LUCIA,COLLE SANTA LUCIA VIA PAVIA
VIA PEZZEI,COLLE SANTA LUCIA,COLLE SANTA LUCIA VIA PEZZEI
VIA PIAN,COLLE SANTA LUCIA,COLLE SANTA LUCIA VIA PIAN
VIA PONT,COLLE SANTA LUCIA,COLLE SANTA LUCIA VIA PONT
VIA POSALZ,COLLE SANTA LUCIA,COLLE SANTA LUCIA VIA POSALZ
VIA RIZ,COLLE SANTA LUCIA,COLLE SANTA LUCIA VIA RIZ
VIA ROVEI,COLLE SANTA LUCIA,COLLE SANTA LUCIA VIA ROVEI
VIA RU',COLLE SANTA LUCIA,COLLE SANTA LUCIA VIA RU'
VIA RUCAVA',COLLE SANTA LUCIA,COLLE SANTA LUCIA VIA RUCAVA'
VIA SOPRADAZ,COLLE SANTA LUCIA,COLLE SANTA LUCIA VIA SOPRADAZ
VIA TIE',COLLE SANTA LUCIA,COLLE SANTA LUCIA VIA TIE'
VIA VARAZZA,COLLE SANTA LUCIA,COLLE SANTA LUCIA VIA VARAZZA
VIA VILLAGRANDE,COLLE SANTA LUCIA,COLLE SANTA LUCIA VIA VILLAGRANDE
LARGO CALVI,COMELICO SUPERIORE,COMELICO SUPERIORE LARGO CALVI
LOCALITA' DI PIANO DOSOLEDO,COMELICO SUPERIORE,COMELICO SUPERIORE LOCALITA' DI PIANO DOSOLEDO
LOCALITA' CESTELLA,COMELICO SUPERIORE,COMELICO SUPERIORE LOCALITA' CESTELLA
LOCALITA' MASARE',COMELICO SUPERIORE,COMELICO SUPERIORE LOCALITA' MASARE'
LOCALITA' STABIORCO,COMELICO SUPERIORE,COMELICO SUPERIORE LOCALITA' STABIORCO
LOCALITA' VARE DEI FABBRI,COMELICO SUPERIORE,COMELICO SUPERIORE LOCALITA' VARE DEI FABBRI
P.ZZA MONS G. DE CASSAN-CANDID,COMELICO SUPERIORE,COMELICO SUPERIORE P.ZZA MONS G. DE CASSAN-CANDID
PIANI DI MOSENA,COMELICO SUPERIORE,COMELICO SUPERIORE PIANI DI MOSENA
PIAZZA SAN LUCA - PADOLA,COMELICO SUPERIORE,COMELICO SUPERIORE PIAZZA SAN LUCA - PADOLA
PIAZZA TIZIANO - DOSOLEDO,COMELICO SUPERIORE,COMELICO SUPERIORE PIAZZA TIZIANO - DOSOLEDO
VIA 4 NOVEMBRE - PADOLA,COMELICO SUPERIORE,COMELICO SUPERIORE VIA 4 NOVEMBRE - PADOLA
VIA AI PINI - PADOLA,COMELICO SUPERIORE,COMELICO SUPERIORE VIA AI PINI - PADOLA
VIA AIARNOLA - PADOLA,COMELICO SUPERIORE,COMELICO SUPERIORE VIA AIARNOLA - PADOLA
VIA ALLA COSTA - DOSOLEDO,COMELICO SUPERIORE,COMELICO SUPERIORE VIA ALLA COSTA - DOSOLEDO
VIA ALLE ACQUE ROSSE - PADOLA,COMELICO SUPERIORE,COMELICO SUPERIORE VIA ALLE ACQUE ROSSE - PADOLA
VIA ARTURO FESTINI-CASAMAZZAGN,COMELICO SUPERIORE,COMELICO SUPERIORE VIA ARTURO FESTINI-CASAMAZZAGN
VIA BELVEDERE - PADOLA,COMELICO SUPERIORE,COMELICO SUPERIORE VIA BELVEDERE - PADOLA
VIA CADUTI DI CIMA VALLONA,COMELICO SUPERIORE,COMELICO SUPERIORE VIA CADUTI DI CIMA VALLONA
VIA CAMINESI - CANDIDE,COMELICO SUPERIORE,COMELICO SUPERIORE VIA CAMINESI - CANDIDE
VIA CASERE - CANDIDE E CASAMAZ,COMELICO SUPERIORE,COMELICO SUPERIORE VIA CASERE - CANDIDE E CASAMAZ
VIA CELESTE DE MARTIN-DOSOLEDO,COMELICO SUPERIORE,COMELICO SUPERIORE VIA CELESTE DE MARTIN-DOSOLEDO
VIA CRODE - CASAMAZZAGNO,COMELICO SUPERIORE,COMELICO SUPERIORE VIA CRODE - CASAMAZZAGNO
VIA DANTA - CANDIDE,COMELICO SUPERIORE,COMELICO SUPERIORE VIA DANTA - CANDIDE
VIA DELLA FUCINA - PADOLA,COMELICO SUPERIORE,COMELICO SUPERIORE VIA DELLA FUCINA - PADOLA
VIA DELLA GIUSTIZIA-CASAMAZZAG,COMELICO SUPERIORE,COMELICO SUPERIORE VIA DELLA GIUSTIZIA-CASAMAZZAG
VIA DELLA SALUTE -CASAMAZZAGNO,COMELICO SUPERIORE,COMELICO SUPERIORE VIA DELLA SALUTE -CASAMAZZAGNO
VIA DELL'AQUILA - DOSOLEDO,COMELICO SUPERIORE,COMELICO SUPERIORE VIA DELL'AQUILA - DOSOLEDO
VIA DELLE MOLE - CANDIDE,COMELICO SUPERIORE,COMELICO SUPERIORE VIA DELLE MOLE - CANDIDE
VIA DEPPO - DOSOLEDO,COMELICO SUPERIORE,COMELICO SUPERIORE VIA DEPPO - DOSOLEDO
VIA DI PIANO - DOSOLEDO,COMELICO SUPERIORE,COMELICO SUPERIORE VIA DI PIANO - DOSOLEDO
CORSO ITALIA,CORTINA D'AMPEZZO,CORTINA D'AMPEZZO CORSO ITALIA
FRAZIONE ACQUABONA DI SOPRA,CORTINA D'AMPEZZO,CORTINA D'AMPEZZO FRAZIONE ACQUABONA DI SOPRA
FRAZIONE ACQUABONA DI SOTTO,CORTINA D'AMPEZZO,CORTINA D'AMPEZZO FRAZIONE ACQUABONA DI SOTTO
FRAZIONE CADELVERZO DI SOPRA,CORTINA D'AMPEZZO,CORTINA D'AMPEZZO FRAZIONE CADELVERZO DI SOPRA
FRAZIONE CADELVERZO DI SOTTO,CORTINA D'AMPEZZO,CORTINA D'AMPEZZO FRAZIONE CADELVERZO DI SOTTO
FRAZIONE CAMPO DI SOPRA,CORTINA D'AMPEZZO,CORTINA D'AMPEZZO FRAZIONE CAMPO DI SOPRA
FRAZIONE CAMPO DI SOTTO,CORTINA D'AMPEZZO,CORTINA D'AMPEZZO FRAZIONE CAMPO DI SOTTO
FRAZIONE CHIAVE,CORTINA D'AMPEZZO,CORTINA D'AMPEZZO FRAZIONE CHIAVE
FRAZIONE COL,CORTINA D'AMPEZZO,CORTINA D'AMPEZZO FRAZIONE COL
FRAZIONE LACEDEL,CORTINA D'AMPEZZO,CORTINA D'AMPEZZO FRAZIONE LACEDEL
FRAZIONE MANAIGO,CORTINA D'AMPEZZO,CORTINA D'AMPEZZO FRAZIONE MANAIGO
FRAZIONE ZUEL DI SOPRA,CORTINA D'AMPEZZO,CORTINA D'AMPEZZO FRAZIONE ZUEL DI SOPRA
FRAZIONE ZUEL DI SOTTO,CORTINA D'AMPEZZO,CORTINA D'AMPEZZO FRAZIONE ZUEL DI SOTTO
GALLERIA NUOVO CENTRO,CORTINA D'AMPEZZO,CORTINA D'AMPEZZO GALLERIA NUOVO CENTRO
LARGO POSTE,CORTINA D'AMPEZZO,CORTINA D'AMPEZZO LARGO POSTE
LOCALITA' BRITE DE VAL,CORTINA D'AMPEZZO,CORTINA D'AMPEZZO LOCALITA' BRITE DE VAL
LOCALITA' CADEMAI,CORTINA D'AMPEZZO,CORTINA D'AMPEZZO LOCALITA' CADEMAI
LOCALITA' COJANA STRADA NUOVA,CORTINA D'AMPEZZO,CORTINA D'AMPEZZO LOCALITA' COJANA STRADA NUOVA
LOCALITA' DONEA',CORTINA D'AMPEZZO,CORTINA D'AMPEZZO LOCALITA' DONEA'
LOCALITA' FIAMES,CORTINA D'AMPEZZO,CORTINA D'AMPEZZO LOCALITA' FIAMES
LOCALITA' GRAVA DI SOPRA,CORTINA D'AMPEZZO,CORTINA D'AMPEZZO LOCALITA' GRAVA DI SOPRA
LOCALITA' GRAVA DI SOTTO,CORTINA D'AMPEZZO,CORTINA D'AMPEZZO LOCALITA' GRAVA DI SOTTO
LOCALITA' MAION,CORTINA D'AMPEZZO,CORTINA D'AMPEZZO LOCALITA' MAION
LOCALITA' MELERES,CORTINA D'AMPEZZO,CORTINA D'AMPEZZO LOCALITA' MELERES
LOCALITA' PECOL,CORTINA D'AMPEZZO,CORTINA D'AMPEZZO LOCALITA' PECOL
LOCALITA' PEZIE',CORTINA D'AMPEZZO,CORTINA D'AMPEZZO LOCALITA' PEZIE'
LOCALITA' PIAN DA LAGO,CORTINA D'AMPEZZO,CORTINA D'AMPEZZO LOCALITA' PIAN DA LAGO
LOCALITA' POCOL,CORTINA D'AMPEZZO,CORTINA D'AMPEZZO LOCALITA' POCOL
LOCALITA' SACUS,CORTINA D'AMPEZZO,CORTINA D'AMPEZZO LOCALITA' SACUS
LOCALITA' SOCOL,CORTINA D'AMPEZZO,CORTINA D'AMPEZZO LOCALITA' SOCOL
LOCALITA' RAVINE,DANTA DI CADORE,DANTA DI CADORE LOCALITA' RAVINE
PIAZZA D. LUTTIN,DANTA DI CADORE,DANTA DI CADORE PIAZZA D. LUTTIN
VIA AIARNOLA,DANTA DI CADORE,DANTA DI CADORE VIA AIARNOLA
VIA DORIGUZZI ROSSIN,DANTA DI CADORE,DANTA DI CADORE VIA DORIGUZZI ROSSIN
VIA G. MARCONI,DANTA DI CADORE,DANTA DI CADORE VIA G. MARCONI
VIA GERA,DANTA DI CADORE,DANTA DI CADORE VIA GERA
VIA MAZZINI,DANTA DI CADORE,DANTA DI CADORE VIA MAZZINI
VIA MONTE PIEDO,DANTA DI CADORE,DANTA DI CADORE VIA MONTE PIEDO
VIA PAPA LUCIANI,DANTA DI CADORE,DANTA DI CADORE VIA PAPA LUCIANI
VIA ROMA,DANTA DI CADORE,DANTA DI CADORE VIA ROMA
VIA SANTA BARBARA,DANTA DI CADORE,DANTA DI CADORE VIA SANTA BARBARA
VIA SANTO STEFANO,DANTA DI CADORE,DANTA DI CADORE VIA SANTO STEFANO
VIA VANTADEN,DANTA DI CADORE,DANTA DI CADORE VIA VANTADEN
VIA VITTIME DELLE FOIBE,DANTA DI CADORE,DANTA DI CADORE VIA VITTIME DELLE FOIBE
VIA XXIV MAGGIO,DANTA DI CADORE,DANTA DI CADORE VIA XXIV MAGGIO
LA PIAZZA,DOMEGGE DI CADORE,DOMEGGE DI CADORE LA PIAZZA
LOCALITA' COLOGNA,DOMEGGE DI CADORE,DOMEGGE DI CADORE LOCALITA' COLOGNA
LOCALITA' LA VAL,DOMEGGE DI CADORE,DOMEGGE DI CADORE LOCALITA' LA VAL
LOCALITA' MOLIN,DOMEGGE DI CADORE,DOMEGGE DI CADORE LOCALITA' MOLIN
LOCALITA' SACEIDO,DOMEGGE DI CADORE,DOMEGGE DI CADORE LOCALITA' SACEIDO
PIAZZA DEI MARTIRI,DOMEGGE DI CADORE,DOMEGGE DI CADORE PIAZZA DEI MARTIRI
PIAZZA IV NOVEMBRE,DOMEGGE DI CADORE,DOMEGGE DI CADORE PIAZZA IV NOVEMBRE
PIAZZA SAN LEONARDO - GREA,DOMEGGE DI CADORE,DOMEGGE DI CADORE PIAZZA SAN LEONARDO - GREA
PIAZZA SAN VIGILIO,DOMEGGE DI CADORE,DOMEGGE DI CADORE PIAZZA SAN VIGILIO
VIA 4 NOVEMBRE - GREA,DOMEGGE DI CADORE,DOMEGGE DI CADORE VIA 4 NOVEMBRE - GREA
VIA A. DI SAVOIA,DOMEGGE DI CADORE,DOMEGGE DI CADORE VIA A. DI SAVOIA
VIA BORGO NUOVO,DOMEGGE DI CADORE,DOMEGGE DI CADORE VIA BORGO NUOVO
VIA CALVI,DOMEGGE DI CADORE,DOMEGGE DI CADORE VIA CALVI
VIA CIALOI,DOMEGGE DI CADORE,DOMEGGE DI CADORE VIA CIALOI
VIA CRODOLA,DOMEGGE DI CADORE,DOMEGGE DI CADORE VIA CRODOLA
VIA DELL'OCCHIALE - GREA,DOMEGGE DI CADORE,DOMEGGE DI CADORE VIA DELL'OCCHIALE - GREA
VIA DELL'OCCHIALE - VALLESELLA,DOMEGGE DI CADORE,DOMEGGE DI CADORE VIA DELL'OCCHIALE - VALLESELLA
VIA DEPPO,DOMEGGE DI CADORE,DOMEGGE DI CADORE VIA DEPPO
VIA DON F.BARNABO',DOMEGGE DI CADORE,DOMEGGE DI CADORE VIA DON F.BARNABO'
VIA DON NATALE TALAMINI,DOMEGGE DI CADORE,DOMEGGE DI CADORE VIA DON NATALE TALAMINI
VIA FIUME,DOMEGGE DI CADORE,DOMEGGE DI CADORE VIA FIUME
VIA GARIBALDI,DOMEGGE DI CADORE,DOMEGGE DI CADORE VIA GARIBALDI
VIA GEI,DOMEGGE DI CADORE,DOMEGGE DI CADORE VIA GEI
VIA GORIZIA,DOMEGGE DI CADORE,DOMEGGE DI CADORE VIA GORIZIA
VIA IV NOVEMBRE - CAPOLUOGO,DOMEGGE DI CADORE,DOMEGGE DI CADORE VIA IV NOVEMBRE - CAPOLUOGO
VIA LORIS FRESCURA,DOMEGGE DI CADORE,DOMEGGE DI CADORE VIA LORIS FRESCURA
VIA MILANO,DOMEGGE DI CADORE,DOMEGGE DI CADORE VIA MILANO
VIA MONS. MASI,DOMEGGE DI CADORE,DOMEGGE DI CADORE VIA MONS. MASI
VIA MONS.CIANI,DOMEGGE DI CADORE,DOMEGGE DI CADORE VIA MONS.CIANI
VIA MONTE ADAMELLO,DOMEGGE DI CADORE,DOMEGGE DI CADORE VIA MONTE ADAMELLO
CORSO ITALIA,FALCADE,FALCADE CORSO ITALIA
CORSO ROMA,FALCADE,FALCADE CORSO ROMA
LOC.TABIADON DI CANES,FALCADE,FALCADE LOC.TABIADON DI CANES
LOCALITA' TABIADON DI VAL,FALCADE,FALCADE LOCALITA' TABIADON DI VAL
LOCALITA' AI LACH,FALCADE,FALCADE LOCALITA' AI LACH
LOCALITA' COSTA,FALCADE,FALCADE LOCALITA' COSTA
LOCALITA' FALCADE ALTO,FALCADE,FALCADE LOCALITA' FALCADE ALTO
LOCALITA' FUCHIADE,FALCADE,FALCADE LOCALITA' FUCHIADE
LOCALITA' GANZ,FALCADE,FALCADE LOCALITA' GANZ
LOCALITA' LE BUSCHE,FALCADE,FALCADE LOCALITA' LE BUSCHE
LOCALITA' LE COSTE,FALCADE,FALCADE LOCALITA' LE COSTE
LOCALITA' MENEGHINA,FALCADE,FALCADE LOCALITA' MENEGHINA
LOCALITA' SAPPADE,FALCADE,FALCADE LOCALITA' SAPPADE
LOCALITA' SOMOR,FALCADE,FALCADE LOCALITA' SOMOR
LOCALITA' VAL FREDDA,FALCADE,FALCADE LOCALITA' VAL FREDDA
LOCALITA' VALT,FALCADE,FALCADE LOCALITA' VALT
PIAZZA 4 NOVEMBRE 1966,FALCADE,FALCADE PIAZZA 4 NOVEMBRE 1966
PIAZZA AUGUSTO MURER,FALCADE,FALCADE PIAZZA AUGUSTO MURER
PIAZZA COL DE RIF,FALCADE,FALCADE PIAZZA COL DE RIF
PIAZZA MOLINO,FALCADE,FALCADE PIAZZA MOLINO
PIAZZA MUNICIPIO,FALCADE,FALCADE PIAZZA MUNICIPIO
PIAZZA S. SEBASTIANO,FALCADE,FALCADE PIAZZA S. SEBASTIANO
PIAZZA XX AGOSTO,FALCADE,FALCADE PIAZZA XX AGOSTO
PIAZZALE 4 NOVEMBRE 1918,FALCADE,FALCADE PIAZZALE 4 NOVEMBRE 1918
PIAZZALE DELLO SPORT,FALCADE,FALCADE PIAZZALE DELLO SPORT
SALITA MADONNA DELLA SALUTE,FALCADE,FALCADE SALITA MADONNA DELLA SALUTE
VIA 7^ALPINI,FALCADE,FALCADE VIA 7^ALPINI
VIA AGOSTINO MURER,FALCADE,FALCADE VIA AGOSTINO MURER
VIA ALDO MORO,FALCADE,FALCADE VIA ALDO MORO
VIA ANGELO SCOLA,FALCADE,FALCADE VIA ANGELO SCOLA
BORGO DEI MENEGAT,FELTRE,FELTRE BORGO DEI MENEGAT
BORGO LA PRESIDENZA,FELTRE,FELTRE BORGO LA PRESIDENZA
FRAZIONE ANZU',FELTRE,FELTRE FRAZIONE ANZU'
FRAZIONE ARSON,FELTRE,FELTRE FRAZIONE ARSON
FRAZIONE CANAL,FELTRE,FELTRE FRAZIONE CANAL
FRAZIONE CART,FELTRE,FELTRE FRAZIONE CART
FRAZIONE FARRA,FELTRE,FELTRE FRAZIONE FARRA
FRAZIONE FOEN,FELTRE,FELTRE FRAZIONE FOEN
FRAZIONE GRUM,FELTRE,FELTRE FRAZIONE GRUM
FRAZIONE LAMEN,FELTRE,FELTRE FRAZIONE LAMEN
FRAZIONE LASEN,FELTRE,FELTRE FRAZIONE LASEN
FRAZIONE MUGNAI,FELTRE,FELTRE FRAZIONE MUGNAI
FRAZIONE NEMEGGIO,FELTRE,FELTRE FRAZIONE NEMEGGIO
FRAZIONE PREN,FELTRE,FELTRE FRAZIONE PREN
FRAZIONE SANZAN,FELTRE,FELTRE FRAZIONE SANZAN
FRAZIONE TOMO,FELTRE,FELTRE FRAZIONE TOMO
FRAZIONE UMIN,FELTRE,FELTRE FRAZIONE UMIN
FRAZIONE VIGNUI,FELTRE,FELTRE FRAZIONE VIGNUI
FRAZIONE VILLABRUNA,FELTRE,FELTRE FRAZIONE VILLABRUNA
FRAZIONE VILLAGA,FELTRE,FELTRE FRAZIONE VILLAGA
FRAZIONE VILLAPAIERA,FELTRE,FELTRE FRAZIONE VILLAPAIERA
GALLERIA ISOLA,FELTRE,FELTRE GALLERIA ISOLA
LARGO P. CASTALDI,FELTRE,FELTRE LARGO P. CASTALDI
LOCALITA' ZERMEN,FELTRE,FELTRE LOCALITA' ZERMEN
P.LE TANCREDI PARMEGGIANI,FELTRE,FELTRE P.LE TANCREDI PARMEGGIANI
PIAZZA A. CAMBRUZZI,FELTRE,FELTRE PIAZZA A. CAMBRUZZI
PIAZZA A. E L. ZANCANARO,FELTRE,FELTRE PIAZZA A. E L. ZANCANARO
PIAZZA BRENTA,FELTRE,FELTRE PIAZZA BRENTA
"PIAZZA BTG ALPINI ""FELTRE""",FELTRE,"FELTRE PIAZZA BTG ALPINI ""FELTRE"""
PIAZZA DE LA CESA - PREN,FELTRE,FELTRE PIAZZA DE LA CESA - PREN
LOCALITA' MONTE RONCON,FONZASO,FONZASO LOCALITA' MONTE RONCON
LOCALITA' PEDESALTO,FONZASO,FONZASO LOCALITA' PEDESALTO
PIAZZA ANGELI,FONZASO,FONZASO PIAZZA ANGELI
PIAZZA CHIESA,FONZASO,FONZASO PIAZZA CHIESA
PIAZZA I^NOVEMBRE,FONZASO,FONZASO PIAZZA I^NOVEMBRE
PIAZZA ITALIA,FONZASO,FONZASO PIAZZA ITALIA
PIAZZA NOGARE' BILLESIMO,FONZASO,FONZASO PIAZZA NOGARE' BILLESIMO
PIAZZA NORCEN,FONZASO,FONZASO PIAZZA NORCEN
PIAZZA SAN GOTTARDO,FONZASO,FONZASO PIAZZA SAN GOTTARDO
VIA A. BASSANI,FONZASO,FONZASO VIA A. BASSANI
VIA A. DE GASPERI,FONZASO,FONZASO VIA A. DE GASPERI
VIA A. ZUCCO,FONZASO,FONZASO VIA A. ZUCCO
VIA AGANA,FONZASO,FONZASO VIA AGANA
VIA ALDO MORO,FONZASO,FONZASO VIA ALDO MORO
VIA ARSIE',FONZASO,FONZASO VIA ARSIE'
VIA BELVEDERE,FONZASO,FONZASO VIA BELVEDERE
VIA BOVE,FONZASO,FONZASO VIA BOVE
VIA BROLO DE PANTZ,FONZASO,FONZASO VIA BROLO DE PANTZ
VIA CALDERAL,FONZASO,FONZASO VIA CALDERAL
VIA CALZEN,FONZASO,FONZASO VIA CALZEN
VIA CANOSSIANE,FONZASO,FONZASO VIA CANOSSIANE
VIA CASE BALZAN,FONZASO,FONZASO VIA CASE BALZAN
VIA CASE LIRA,FONZASO,FONZASO VIA CASE LIRA
VIA CESARE BATTISTI,FONZASO,FONZASO VIA CESARE BATTISTI
VIA COL BIANCO,FONZASO,FONZASO VIA COL BIANCO
VIA CONTE MENGOTTI,FONZASO,FONZASO VIA CONTE MENGOTTI
VIA DANTE,FONZASO,FONZASO VIA DANTE
VIA DEGLI ALPINI,FONZASO,FONZASO VIA DEGLI ALPINI
VIA DON PIETRO CORSO,FONZASO,FONZASO VIA DON PIETRO CORSO
VIA E. FERRARI,FONZASO,FONZASO VIA E. FERRARI
PIAZZA S. GIACOMO,GOSALDO,GOSALDO PIAZZA S. GIACOMO
PIAZZA SALVO D'ACQUISTO,GOSALDO,GOSALDO PIAZZA SALVO D'ACQUISTO
VIA BEZZOI,GOSALDO,GOSALDO VIA BEZZOI
VIA BITTI,GOSALDO,GOSALDO VIA BITTI
VIA CARRERA,GOSALDO,GOSALDO VIA CARRERA
VIA CASTELLO,GOSALDO,GOSALDO VIA CASTELLO
VIA CAVALLERA,GOSALDO,GOSALDO VIA CAVALLERA
VIA CENCI,GOSALDO,GOSALDO VIA CENCI
VIA CENTRO-LOC.TISER,GOSALDO,GOSALDO VIA CENTRO-LOC.TISER
VIA CIET,GOSALDO,GOSALDO VIA CIET
VIA CODA,GOSALDO,GOSALDO VIA CODA
VIA COLTAMAI,GOSALDO,GOSALDO VIA COLTAMAI
VIA CROCE ROSSA,GOSALDO,GOSALDO VIA CROCE ROSSA
VIA CURTI,GOSALDO,GOSALDO VIA CURTI
VIA DEI CUCH-LOC.TISER,GOSALDO,GOSALDO VIA DEI CUCH-LOC.TISER
VIA DELLA SCUOLA-LOC.TISER,GOSALDO,GOSALDO VIA DELLA SCUOLA-LOC.TISER
VIA DELUBI,GOSALDO,GOSALDO VIA DELUBI
VIA DENEORE,GOSALDO,GOSALDO VIA DENEORE
VIA DOMADORE,GOSALDO,GOSALDO VIA DOMADORE
VIA DON,GOSALDO,GOSALDO VIA DON
VIA FAUSTIN,GOSALDO,GOSALDO VIA FAUSTIN
VIA FOCHE,GOSALDO,GOSALDO VIA FOCHE
VIA FORCELLA AURINE,GOSALDO,GOSALDO VIA FORCELLA AURINE
VIA FORCELLA FRANCHE,GOSALDO,GOSALDO VIA FORCELLA FRANCHE
VIA INCASAL,GOSALDO,GOSALDO VIA INCASAL
VIA IV NOVEMBRE,GOSALDO,GOSALDO VIA IV NOVEMBRE
VIA LAMBROI,GOSALDO,GOSALDO VIA LAMBROI
VIA LAVEDER,GOSALDO,GOSALDO VIA LAVEDER
VIA LE CASE,GOSALDO,GOSALDO VIA LE CASE
VIA LE FESTE,GOSALDO,GOSALDO VIA LE FESTE
LOCALITA' CUGNAGO,LA VALLE AGORDINA,LA VALLE AGORDINA LOCALITA' CUGNAGO
LOCALITA' LE VIZZE,LA VALLE AGORDINA,LA VALLE AGORDINA LOCALITA' LE VIZZE
VIA CANCELLADE,LA VALLE AGORDINA,LA VALLE AGORDINA VIA CANCELLADE
VIA CHIESA,LA VALLE AGORDINA,LA VALLE AGORDINA VIA CHIESA
VIA CONAGGIA,LA VALLE AGORDINA,LA VALLE AGORDINA VIA CONAGGIA
VIA FADES,LA VALLE AGORDINA,LA VALLE AGORDINA VIA FADES
VIA GAIDON,LA VALLE AGORDINA,LA VALLE AGORDINA VIA GAIDON
VIA LA MUDA (dal civico 19 in poi),LA VALLE AGORDINA,LA VALLE AGORDINA VIA LA MUDA (dal civico 19 in poi)
VIA LA MUDA (fino al civico 18),LA VALLE AGORDINA,LA VALLE AGORDINA VIA LA MUDA (fino al civico 18)
VIA LANTRAGO,LA VALLE AGORDINA,LA VALLE AGORDINA VIA LANTRAGO
VIA LE CAMPE,LA VALLE AGORDINA,LA VALLE AGORDINA VIA LE CAMPE
VIA MATTEN,LA VALLE AGORDINA,LA VALLE AGORDINA VIA MATTEN
VIA NOACH,LA VALLE AGORDINA,LA VALLE AGORDINA VIA NOACH
VIA RONCHE,LA VALLE AGORDINA,LA VALLE AGORDINA VIA RONCHE
VIA TORSAS,LA VALLE AGORDINA,LA VALLE AGORDINA VIA TORSAS
LOCALITA' GUANA,LAMON,LAMON LOCALITA' GUANA
LOCALITA' LE EI,LAMON,LAMON LOCALITA' LE EI
LOCALITA' SCHEID,LAMON,LAMON LOCALITA' SCHEID
P.LE DUOMO,LAMON,LAMON P.LE DUOMO
P.ZZA 3 NOVEMBRE,LAMON,LAMON P.ZZA 3 NOVEMBRE
VIA A.SLONGO,LAMON,LAMON VIA A.SLONGO
VIA BARBETTA,LAMON,LAMON VIA BARBETTA
VIA BECCAROI,LAMON,LAMON VIA BECCAROI
VIA BILLO',LAMON,LAMON VIA BILLO'
VIA BORE,LAMON,LAMON VIA BORE
VIA BOVE,LAMON,LAMON VIA BOVE
VIA BROCCON,LAMON,LAMON VIA BROCCON
VIA BRODI,LAMON,LAMON VIA BRODI
VIA C.BATTISTI,LAMON,LAMON VIA C.BATTISTI
VIA C.G.BALIN,LAMON,LAMON VIA C.G.BALIN
VIA CAMPIGOTTI,LAMON,LAMON VIA CAMPIGOTTI
VIA CANDIOLE,LAMON,LAMON VIA CANDIOLE
VIA CANTONI,LAMON,LAMON VIA CANTONI
VIA CARMELE,LAMON,LAMON VIA CARMELE
VIA CATESUNA,LAMON,LAMON VIA CATESUNA
VIA CAV.DI VITTORIO VENETO,LAMON,LAMON VIA CAV.DI VITTORIO VENETO
VIA CAVALEA,LAMON,LAMON VIA CAVALEA
VIA CENTRO ARINA,LAMON,LAMON VIA CENTRO ARINA
VIA CESURE,LAMON,LAMON VIA CESURE
VIA CHIAPPINI,LAMON,LAMON VIA CHIAPPINI
VIA CHIOE',LAMON,LAMON VIA CHIOE'
VIA CHIOLLI,LAMON,LAMON VIA CHIOLLI
VIA CIES,LAMON,LAMON VIA CIES
VIA CISMON,LAMON,LAMON VIA CISMON
VIA COL SECH,LAMON,LAMON VIA COL SECH
FRAZ. COLDERU' PIAN DI CULTURA,LENTIAI,LENTIAI FRAZ. COLDERU' PIAN DI CULTURA
FRAZIONE BOSCHI,LENTIAI,LENTIAI FRAZIONE BOSCHI
FRAZIONE CANAI,LENTIAI,LENTIAI FRAZIONE CANAI
FRAZIONE CANAI LA VENA,LENTIAI,LENTIAI FRAZIONE CANAI LA VENA
FRAZIONE CESANA,LENTIAI,LENTIAI FRAZIONE CESANA
FRAZIONE COLDERU',LENTIAI,LENTIAI FRAZIONE COLDERU'
FRAZIONE COLDERU' S.GERVASIO,LENTIAI,LENTIAI FRAZIONE COLDERU' S.GERVASIO
FRAZIONE MARZIAI,LENTIAI,LENTIAI FRAZIONE MARZIAI
FRAZIONE STABIE,LENTIAI,LENTIAI FRAZIONE STABIE
LARGO EUROPA,LENTIAI,LENTIAI LARGO EUROPA
LARGO MARCONI,LENTIAI,LENTIAI LARGO MARCONI
LOCALITA' VILLAPIANA,LENTIAI,LENTIAI LOCALITA' VILLAPIANA
PIAZZA CHAMARANDE,LENTIAI,LENTIAI PIAZZA CHAMARANDE
PIAZZA CRIVELLARO,LENTIAI,LENTIAI PIAZZA CRIVELLARO
PIAZZA DEGLI ALPINI,LENTIAI,LENTIAI PIAZZA DEGLI ALPINI
VIA A. BORTOLINI,LENTIAI,LENTIAI VIA A. BORTOLINI
VIA ACHILLE ZAMPESE,LENTIAI,LENTIAI VIA ACHILLE ZAMPESE
VIA ANDREA COSTA,LENTIAI,LENTIAI VIA ANDREA COSTA
VIA ANTONIO GUZZO,LENTIAI,LENTIAI VIA ANTONIO GUZZO
VIA ANTONIO SOLAGNA,LENTIAI,LENTIAI VIA ANTONIO SOLAGNA
VIA ARISTIDE GABELLI,LENTIAI,LENTIAI VIA ARISTIDE GABELLI
VIA BRUSAFERRO,LENTIAI,LENTIAI VIA BRUSAFERRO
VIA CA' MONTAGN,LENTIAI,LENTIAI VIA CA' MONTAGN
VIA CAL DE SACH,LENTIAI,LENTIAI VIA CAL DE SACH
VIA CASTELLIR,LENTIAI,LENTIAI VIA CASTELLIR
VIA CAVOUR,LENTIAI,LENTIAI VIA CAVOUR
VIA COI DI RONCHENA,LENTIAI,LENTIAI VIA COI DI RONCHENA
VIA COL D'ARTENT,LENTIAI,LENTIAI VIA COL D'ARTENT
VIA CRISTO MORO,LENTIAI,LENTIAI VIA CRISTO MORO
VIA DANTE ALIGHIERI,LENTIAI,LENTIAI VIA DANTE ALIGHIERI
LOCALITA' CANALET,LIMANA,LIMANA LOCALITA' CANALET
LOCALITA' CANE',LIMANA,LIMANA LOCALITA' CANE'
LOCALITA' NAVASA,LIMANA,LIMANA LOCALITA' NAVASA
LOCALITA' PIEVE DI LIMANA,LIMANA,LIMANA LOCALITA' PIEVE DI LIMANA
VIA A. VIVALDI,LIMANA,LIMANA VIA A. VIVALDI
VIA A. ZAMPIERI,LIMANA,LIMANA VIA A. ZAMPIERI
VIA BAORCHE,LIMANA,LIMANA VIA BAORCHE
VIA BRUNO CARLIN,LIMANA,LIMANA VIA BRUNO CARLIN
VIA CALCINE,LIMANA,LIMANA VIA CALCINE
VIA CANE' CENTRO,LIMANA,LIMANA VIA CANE' CENTRO
VIA CASE SPARSE CESA,LIMANA,LIMANA VIA CASE SPARSE CESA
VIA CASE SPARSE FAICH,LIMANA,LIMANA VIA CASE SPARSE FAICH
VIA CASE SPARSE PIOMBEI,LIMANA,LIMANA VIA CASE SPARSE PIOMBEI
VIA CASE SPARSE VILLA,LIMANA,LIMANA VIA CASE SPARSE VILLA
VIA CENTORE,LIMANA,LIMANA VIA CENTORE
VIA CERESERA,LIMANA,LIMANA VIA CERESERA
VIA CESA,LIMANA,LIMANA VIA CESA
VIA COI,LIMANA,LIMANA VIA COI
VIA COI DI NAVASA,LIMANA,LIMANA VIA COI DI NAVASA
VIA COL DI MEZZO,LIMANA,LIMANA VIA COL DI MEZZO
VIA COLVENDRAMEL,LIMANA,LIMANA VIA COLVENDRAMEL
VIA COMUNI GEMELLATI,LIMANA,LIMANA VIA COMUNI GEMELLATI
VIA CROS,LIMANA,LIMANA VIA CROS
VIA D. BUZZATI,LIMANA,LIMANA VIA D. BUZZATI
VIA DANTE ALIGHIERI,LIMANA,LIMANA VIA DANTE ALIGHIERI
VIA DEGLI ALPINI,LIMANA,LIMANA VIA DEGLI ALPINI
VIA DEGLI EMIGRANTI,LIMANA,LIMANA VIA DEGLI EMIGRANTI
VIA G. GARIBALDI,LIMANA,LIMANA VIA G. GARIBALDI
VIA G. MAZZINI,LIMANA,LIMANA VIA G. MAZZINI
VIA G. ZANIVAN,LIMANA,LIMANA VIA G. ZANIVAN
BIVIO DI SALESEI,LIVINALLONGO DEL COL DI LANA,LIVINALLONGO DEL COL DI LANA BIVIO DI SALESEI
LOCALITA' ARABBA,LIVINALLONGO DEL COL DI LANA,LIVINALLONGO DEL COL DI LANA LOCALITA' ARABBA
LOCALITA' BURZ,LIVINALLONGO DEL COL DI LANA,LIVINALLONGO DEL COL DI LANA LOCALITA' BURZ
LOCALITA' COLESEL,LIVINALLONGO DEL COL DI LANA,LIVINALLONGO DEL COL DI LANA LOCALITA' COLESEL
LOCALITA' GLIERA DI ARABBA,LIVINALLONGO DEL COL DI LANA,LIVINALLONGO DEL COL DI LANA LOCALITA' GLIERA DI ARABBA
LOCALITA' PRECUMON,LIVINALLONGO DEL COL DI LANA,LIVINALLONGO DEL COL DI LANA LOCALITA' PRECUMON
VIA AGAI,LIVINALLONGO DEL COL DI LANA,LIVINALLONGO DEL COL DI LANA VIA AGAI
VIA ALFAURO,LIVINALLONGO DEL COL DI LANA,LIVINALLONGO DEL COL DI LANA VIA ALFAURO
VIA ANDRAZ,LIVINALLONGO DEL COL DI LANA,LIVINALLONGO DEL COL DI LANA VIA ANDRAZ
VIA BOE',LIVINALLONGO DEL COL DI LANA,LIVINALLONGO DEL COL DI LANA VIA BOE'
VIA BRENTA,LIVINALLONGO DEL COL DI LANA,LIVINALLONGO DEL COL DI LANA VIA BRENTA
VIA CAMPI DI PLAJAZ,LIVINALLONGO DEL COL DI LANA,LIVINALLONGO DEL COL DI LANA VIA CAMPI DI PLAJAZ
VIA CASTELLO,LIVINALLONGO DEL COL DI LANA,LIVINALLONGO DEL COL DI LANA VIA CASTELLO
VIA CERNADOI,LIVINALLONGO DEL COL DI LANA,LIVINALLONGO DEL COL DI LANA VIA CERNADOI
VIA CHERZ,LIVINALLONGO DEL COL DI LANA,LIVINALLONGO DEL COL DI LANA VIA CHERZ
VIA COL DI LARZONEI,LIVINALLONGO DEL COL DI LANA,LIVINALLONGO DEL COL DI LANA VIA COL DI LARZONEI
VIA COL D'ORNELLA,LIVINALLONGO DEL COL DI LANA,LIVINALLONGO DEL COL DI LANA VIA COL D'ORNELLA
VIA COLLAZ,LIVINALLONGO DEL COL DI LANA,LIVINALLONGO DEL COL DI LANA VIA COLLAZ
VIA COLSOTTOCHIESA,LIVINALLONGO DEL COL DI LANA,LIVINALLONGO DEL COL DI LANA VIA COLSOTTOCHIESA
VIA CONTRIN,LIVINALLONGO DEL COL DI LANA,LIVINALLONGO DEL COL DI LANA VIA CONTRIN
VIA CORTE,LIVINALLONGO DEL COL DI LANA,LIVINALLONGO DEL COL DI LANA VIA CORTE
VIA COSTA DI PIAN,LIVINALLONGO DEL COL DI LANA,LIVINALLONGO DEL COL DI LANA VIA COSTA DI PIAN
VIA COSTA DI SALESEI,LIVINALLONGO DEL COL DI LANA,LIVINALLONGO DEL COL DI LANA VIA COSTA DI SALESEI
VIA CREPAZ,LIVINALLONGO DEL COL DI LANA,LIVINALLONGO DEL COL DI LANA VIA CREPAZ
VIA DAVEDINO,LIVINALLONGO DEL COL DI LANA,LIVINALLONGO DEL COL DI LANA VIA DAVEDINO
VIA FEDERA,LIVINALLONGO DEL COL DI LANA,LIVINALLONGO DEL COL DI LANA VIA FEDERA
VIA FOPPA,LIVINALLONGO DEL COL DI LANA,LIVINALLONGO DEL COL DI LANA VIA FOPPA
VIA FOSSAL,LIVINALLONGO DEL COL DI LANA,LIVINALLONGO DEL COL DI LANA VIA FOSSAL
VIA FREINE,LIVINALLONGO DEL COL DI LANA,LIVINALLONGO DEL COL DI LANA VIA FREINE
VIA LA VIZA,LIVINALLONGO DEL COL DI LANA,LIVINALLONGO DEL COL DI LANA VIA LA VIZA
FRAZIONE OLANTREGHE,LONGARONE,LONGARONE FRAZIONE OLANTREGHE
LA TIORA,LONGARONE,LONGARONE LA TIORA
LOCALITA' BAS LA VAL,LONGARONE,LONGARONE LOCALITA' BAS LA VAL
LOCALITA' CAMPESINE,LONGARONE,LONGARONE LOCALITA' CAMPESINE
LOCALITA' COPPEDELLO,LONGARONE,LONGARONE LOCALITA' COPPEDELLO
LOCALITA' COSTA DEI GAI,LONGARONE,LONGARONE LOCALITA' COSTA DEI GAI
LOCALITA' IN COLLE,LONGARONE,LONGARONE LOCALITA' IN COLLE
LOCALITA' LE VAL,LONGARONE,LONGARONE LOCALITA' LE VAL
LOCALITA' LE VARE,LONGARONE,LONGARONE LOCALITA' LE VARE
LOCALITA' MALCOLM,LONGARONE,LONGARONE LOCALITA' MALCOLM
LOCALITA' MORO,LONGARONE,LONGARONE LOCALITA' MORO
LOCALITA' NOIERA,LONGARONE,LONGARONE LOCALITA' NOIERA
LOCALITA' PASCOLI,LONGARONE,LONGARONE LOCALITA' PASCOLI
LOCALITA' SORAGA',LONGARONE,LONGARONE LOCALITA' SORAGA'
LOCALITA' TORCO,LONGARONE,LONGARONE LOCALITA' TORCO
PIAZZA 9 OTTOBRE,LONGARONE,LONGARONE PIAZZA 9 OTTOBRE
PIAZZA DEGLI SCALPELLINI,LONGARONE,LONGARONE PIAZZA DEGLI SCALPELLINI
PIAZZA DELLA CHIESA,LONGARONE,LONGARONE PIAZZA DELLA CHIESA
PIAZZA DELLA FONTANA,LONGARONE,LONGARONE PIAZZA DELLA FONTANA
PIAZZA GONZAGA,LONGARONE,LONGARONE PIAZZA GONZAGA
PIAZZA MARTIRI DELLA LIBERTA',LONGARONE,LONGARONE PIAZZA MARTIRI DELLA LIBERTA'
PIAZZA UMBERTO I,LONGARONE,LONGARONE PIAZZA UMBERTO I
PIAZZETTA DELLA FONTANA,LONGARONE,LONGARONE PIAZZETTA DELLA FONTANA
PIAZZETTA SARTORI,LONGARONE,LONGARONE PIAZZETTA SARTORI
PIAZZETTA STEFANI,LONGARONE,LONGARONE PIAZZETTA STEFANI
SALITA SARTORI,LONGARONE,LONGARONE SALITA SARTORI
VIA 12 MARZO 1916,LONGARONE,LONGARONE VIA 12 MARZO 1916
VIA 16 FEBBRAIO 1925,LONGARONE,LONGARONE VIA 16 FEBBRAIO 1925
VIA 2 GIUGNO - CODISSAGO,LONGARONE,LONGARONE VIA 2 GIUGNO - CODISSAGO
VIA A. MANZONI,LONGARONE,LONGARONE VIA A. MANZONI
LOC. PESIN,LORENZAGO DI CADORE,LORENZAGO DI CADORE LOC. PESIN
LOC. RIAUTO,LORENZAGO DI CADORE,LORENZAGO DI CADORE LOC. RIAUTO
LOC.RONCO GIAL,LORENZAGO DI CADORE,LORENZAGO DI CADORE LOC.RONCO GIAL
LOCALITA' MIRABELLO,LORENZAGO DI CADORE,LORENZAGO DI CADORE LOCALITA' MIRABELLO
LOCALITA' NOAIA,LORENZAGO DI CADORE,LORENZAGO DI CADORE LOCALITA' NOAIA
LOCALITA' PIAN DE SEMBOLE,LORENZAGO DI CADORE,LORENZAGO DI CADORE LOCALITA' PIAN DE SEMBOLE
LOCALITA' RUERE,LORENZAGO DI CADORE,LORENZAGO DI CADORE LOCALITA' RUERE
LOCALITA' STRADA DELLA SEGA,LORENZAGO DI CADORE,LORENZAGO DI CADORE LOCALITA' STRADA DELLA SEGA
PIAZZA CALVI,LORENZAGO DI CADORE,LORENZAGO DI CADORE PIAZZA CALVI
PIAZZA IV NOVEMBRE,LORENZAGO DI CADORE,LORENZAGO DI CADORE PIAZZA IV NOVEMBRE
VIA A. DE LORENZO,LORENZAGO DI CADORE,LORENZAGO DI CADORE VIA A. DE LORENZO
VIA CENTA,LORENZAGO DI CADORE,LORENZAGO DI CADORE VIA CENTA
VIA CESAROL - FRAZ.VILLAGRANDE,LORENZAGO DI CADORE,LORENZAGO DI CADORE VIA CESAROL - FRAZ.VILLAGRANDE
VIA CIARE,LORENZAGO DI CADORE,LORENZAGO DI CADORE VIA CIARE
VIA COSTA,LORENZAGO DI CADORE,LORENZAGO DI CADORE VIA COSTA
VIA COSTOLA,LORENZAGO DI CADORE,LORENZAGO DI CADORE VIA COSTOLA
VIA DEL LAGO,LORENZAGO DI CADORE,LORENZAGO DI CADORE VIA DEL LAGO
VIA DERA,LORENZAGO DI CADORE,LORENZAGO DI CADORE VIA DERA
VIA FAUREANA,LORENZAGO DI CADORE,LORENZAGO DI CADORE VIA FAUREANA
VIA G. CADORIN,LORENZAGO DI CADORE,LORENZAGO DI CADORE VIA G. CADORIN
VIA G. MARCONI,LORENZAGO DI CADORE,LORENZAGO DI CADORE VIA G. MARCONI
VIA GIAVA,LORENZAGO DI CADORE,LORENZAGO DI CADORE VIA GIAVA
VIA MONS.GIOVANNI DE DONA',LORENZAGO DI CADORE,LORENZAGO DI CADORE VIA MONS.GIOVANNI DE DONA'
VIA MONTEONA,LORENZAGO DI CADORE,LORENZAGO DI CADORE VIA MONTEONA
VIA PARCO DEI SOGNI,LORENZAGO DI CADORE,LORENZAGO DI CADORE VIA PARCO DEI SOGNI
VIA PECOL,LORENZAGO DI CADORE,LORENZAGO DI CADORE VIA PECOL
VIA PIATE,LORENZAGO DI CADORE,LORENZAGO DI CADORE VIA PIATE
VIA RAMAIO',LORENZAGO DI CADORE,LORENZAGO DI CADORE VIA RAMAIO'
VIA RIVA,LORENZAGO DI CADORE,LORENZAGO DI CADORE VIA RIVA
VIA RIVADO',LORENZAGO DI CADORE,LORENZAGO DI CADORE VIA RIVADO'
LOCALITA' COSTA,LOZZO DI CADORE,LOZZO DI CADORE LOCALITA' COSTA
LOCALITA' SANT'ANNA,LOZZO DI CADORE,LOZZO DI CADORE LOCALITA' SANT'ANNA
PIAZZA DA RIN,LOZZO DI CADORE,LOZZO DI CADORE PIAZZA DA RIN
PIAZZA IV NOVEMBRE,LOZZO DI CADORE,LOZZO DI CADORE PIAZZA IV NOVEMBRE
PIAZZA P.F. CALVI,LOZZO DI CADORE,LOZZO DI CADORE PIAZZA P.F. CALVI
PIAZZA TIZIANO VECELLIO,LOZZO DI CADORE,LOZZO DI CADORE PIAZZA TIZIANO VECELLIO
VIA ARCID. MONTI,LOZZO DI CADORE,LOZZO DI CADORE VIA ARCID. MONTI
VIA BRODEVIN,LOZZO DI CADORE,LOZZO DI CADORE VIA BRODEVIN
VIA BROILO,LOZZO DI CADORE,LOZZO DI CADORE VIA BROILO
VIA CAPITEL,LOZZO DI CADORE,LOZZO DI CADORE VIA CAPITEL
VIA COL VIDAL,LOZZO DI CADORE,LOZZO DI CADORE VIA COL VIDAL
VIA DA RIN,LOZZO DI CADORE,LOZZO DI CADORE VIA DA RIN
VIA DANTE ALIGHIERI,LOZZO DI CADORE,LOZZO DI CADORE VIA DANTE ALIGHIERI
VIA DEGLI ALPINI,LOZZO DI CADORE,LOZZO DI CADORE VIA DEGLI ALPINI
VIA DEI VECCHI MULINI,LOZZO DI CADORE,LOZZO DI CADORE VIA DEI VECCHI MULINI
VIA GIOUDA,LOZZO DI CADORE,LOZZO DI CADORE VIA GIOUDA
VIA LORETO,LOZZO DI CADORE,LOZZO DI CADORE VIA LORETO
VIA MARMAROLE,LOZZO DI CADORE,LOZZO DI CADORE VIA MARMAROLE
VIA MILANO,LOZZO DI CADORE,LOZZO DI CADORE VIA MILANO
VIA PADRE MARINO,LOZZO DI CADORE,LOZZO DI CADORE VIA PADRE MARINO
VIA PIAVE,LOZZO DI CADORE,LOZZO DI CADORE VIA PIAVE
VIA ROMA,LOZZO DI CADORE,LOZZO DI CADORE VIA ROMA
VIA RONZIE,LOZZO DI CADORE,LOZZO DI CADORE VIA RONZIE
VIA SAN ROCCO,LOZZO DI CADORE,LOZZO DI CADORE VIA SAN ROCCO
VIA TRIESTE,LOZZO DI CADORE,LOZZO DI CADORE VIA TRIESTE
VIA VENEZIA,LOZZO DI CADORE,LOZZO DI CADORE VIA VENEZIA
VIA VITTORIO VENETO,LOZZO DI CADORE,LOZZO DI CADORE VIA VITTORIO VENETO
VIALE DEGLI ARTIGIANI,LOZZO DI CADORE,LOZZO DI CADORE VIALE DEGLI ARTIGIANI
VIALE DEI MISSIONARI,LOZZO DI CADORE,LOZZO DI CADORE VIALE DEI MISSIONARI
VIALE DELL'INDUSTRIA,LOZZO DI CADORE,LOZZO DI CADORE VIALE DELL'INDUSTRIA
